,sim_dom1,sim_dom2
0,F5_F8_type_C,Laminin_N
1,F5_F8_type_C,Ephrin_lbd
2,Laminin_N,Ephrin_lbd
3,2OG-FeII_Oxy_3,JmjN
4,2OG-FeII_Oxy_3,JmjC
5,2OG-FeII_Oxy_3,cNMP_binding
6,JmjN,JmjC
7,JmjN,cNMP_binding
8,JmjC,cNMP_binding
9,COesterase,Abhydrolase_6
10,COesterase,Abhydrolase_1
11,Abhydrolase_6,Abhydrolase_1
12,S1,OB_NTP_bind
13,S1,CSD
14,OB_NTP_bind,CSD
15,Guanylate_kin,DEAD
16,Guanylate_kin,G-alpha
17,Guanylate_kin,SRPRB
18,Guanylate_kin,GTP_EFTU
19,Guanylate_kin,Kinesin
20,Guanylate_kin,Microtub_bd
21,Guanylate_kin,SNF2_N
22,Guanylate_kin,ResIII
23,Guanylate_kin,ADK
24,Guanylate_kin,Myosin_head
25,Guanylate_kin,Sulfotransfer_3
26,Guanylate_kin,Sulfotransfer_1
27,Guanylate_kin,MutS_V
28,Guanylate_kin,AAA_33
29,Guanylate_kin,Ras
30,Guanylate_kin,AAA
31,Guanylate_kin,Helicase_C
32,Guanylate_kin,GBP
33,Guanylate_kin,AAA_8
34,Guanylate_kin,AAA_7
35,Guanylate_kin,AAA_6
36,Guanylate_kin,AAA_5
37,Guanylate_kin,ABC_tran
38,Guanylate_kin,Dynamin_N
39,Guanylate_kin,Arf
40,Guanylate_kin,MMR_HSR1
41,Guanylate_kin,Roc
42,Guanylate_kin,AAA_18
43,Guanylate_kin,AAA_12
44,Guanylate_kin,AAA_11
45,DEAD,G-alpha
46,DEAD,SRPRB
47,DEAD,GTP_EFTU
48,DEAD,Kinesin
49,DEAD,Microtub_bd
50,DEAD,SNF2_N
51,DEAD,ResIII
52,DEAD,ADK
53,DEAD,Myosin_head
54,DEAD,Sulfotransfer_3
55,DEAD,Sulfotransfer_1
56,DEAD,MutS_V
57,DEAD,AAA_33
58,DEAD,Ras
59,DEAD,AAA
60,DEAD,Helicase_C
61,DEAD,GBP
62,DEAD,AAA_8
63,DEAD,AAA_7
64,DEAD,AAA_6
65,DEAD,AAA_5
66,DEAD,ABC_tran
67,DEAD,Dynamin_N
68,DEAD,Arf
69,DEAD,MMR_HSR1
70,DEAD,Roc
71,DEAD,AAA_18
72,DEAD,AAA_12
73,DEAD,AAA_11
74,Sulfotransfer_3,G-alpha
75,Sulfotransfer_3,SRPRB
76,Sulfotransfer_3,GTP_EFTU
77,Sulfotransfer_3,Kinesin
78,Sulfotransfer_3,Microtub_bd
79,Sulfotransfer_3,SNF2_N
80,Sulfotransfer_3,ResIII
81,Sulfotransfer_3,ADK
82,Sulfotransfer_3,Myosin_head
83,Sulfotransfer_3,Sulfotransfer_1
84,Sulfotransfer_3,MutS_V
85,Sulfotransfer_3,AAA_33
86,Sulfotransfer_3,Ras
87,Sulfotransfer_3,AAA
88,Sulfotransfer_3,Helicase_C
89,Sulfotransfer_3,GBP
90,Sulfotransfer_3,AAA_8
91,Sulfotransfer_3,AAA_7
92,Sulfotransfer_3,AAA_6
93,Sulfotransfer_3,AAA_5
94,Sulfotransfer_3,ABC_tran
95,Sulfotransfer_3,Dynamin_N
96,Sulfotransfer_3,Arf
97,Sulfotransfer_3,MMR_HSR1
98,Sulfotransfer_3,Roc
99,Sulfotransfer_3,AAA_18
100,Sulfotransfer_3,AAA_12
101,Sulfotransfer_3,AAA_11
102,Sulfotransfer_1,G-alpha
103,Sulfotransfer_1,SRPRB
104,Sulfotransfer_1,GTP_EFTU
105,Sulfotransfer_1,Kinesin
106,Sulfotransfer_1,Microtub_bd
107,Sulfotransfer_1,SNF2_N
108,Sulfotransfer_1,ResIII
109,Sulfotransfer_1,ADK
110,Sulfotransfer_1,Myosin_head
111,Sulfotransfer_1,MutS_V
112,Sulfotransfer_1,AAA_33
113,Sulfotransfer_1,Ras
114,Sulfotransfer_1,AAA
115,Sulfotransfer_1,Helicase_C
116,Sulfotransfer_1,GBP
117,Sulfotransfer_1,AAA_8
118,Sulfotransfer_1,AAA_7
119,Sulfotransfer_1,AAA_6
120,Sulfotransfer_1,AAA_5
121,Sulfotransfer_1,ABC_tran
122,Sulfotransfer_1,Dynamin_N
123,Sulfotransfer_1,Arf
124,Sulfotransfer_1,MMR_HSR1
125,Sulfotransfer_1,Roc
126,Sulfotransfer_1,AAA_18
127,Sulfotransfer_1,AAA_12
128,Sulfotransfer_1,AAA_11
129,Ras,G-alpha
130,Ras,SRPRB
131,Ras,GTP_EFTU
132,Ras,Kinesin
133,Ras,Microtub_bd
134,Ras,SNF2_N
135,Ras,ResIII
136,Ras,ADK
137,Ras,Myosin_head
138,Ras,MutS_V
139,Ras,AAA_33
140,Ras,AAA
141,Ras,Helicase_C
142,Ras,GBP
143,Ras,AAA_8
144,Ras,AAA_7
145,Ras,AAA_6
146,Ras,AAA_5
147,Ras,ABC_tran
148,Ras,Dynamin_N
149,Ras,Arf
150,Ras,MMR_HSR1
151,Ras,Roc
152,Ras,AAA_18
153,Ras,AAA_12
154,Ras,AAA_11
155,Helicase_C,G-alpha
156,Helicase_C,SRPRB
157,Helicase_C,GTP_EFTU
158,Helicase_C,Kinesin
159,Helicase_C,Microtub_bd
160,Helicase_C,SNF2_N
161,Helicase_C,ResIII
162,Helicase_C,ADK
163,Helicase_C,Myosin_head
164,Helicase_C,MutS_V
165,Helicase_C,AAA_33
166,Helicase_C,AAA
167,Helicase_C,GBP
168,Helicase_C,AAA_8
169,Helicase_C,AAA_7
170,Helicase_C,AAA_6
171,Helicase_C,AAA_5
172,Helicase_C,ABC_tran
173,Helicase_C,Dynamin_N
174,Helicase_C,Arf
175,Helicase_C,MMR_HSR1
176,Helicase_C,Roc
177,Helicase_C,AAA_18
178,Helicase_C,AAA_12
179,Helicase_C,AAA_11
180,GBP,G-alpha
181,GBP,SRPRB
182,GBP,GTP_EFTU
183,GBP,Kinesin
184,GBP,Microtub_bd
185,GBP,SNF2_N
186,GBP,ResIII
187,GBP,ADK
188,GBP,Myosin_head
189,GBP,MutS_V
190,GBP,AAA_33
191,GBP,AAA
192,GBP,AAA_8
193,GBP,AAA_7
194,GBP,AAA_6
195,GBP,AAA_5
196,GBP,ABC_tran
197,GBP,Dynamin_N
198,GBP,Arf
199,GBP,MMR_HSR1
200,GBP,Roc
201,GBP,AAA_18
202,GBP,AAA_12
203,GBP,AAA_11
204,AAA_8,G-alpha
205,AAA_8,SRPRB
206,AAA_8,GTP_EFTU
207,AAA_8,Kinesin
208,AAA_8,Microtub_bd
209,AAA_8,SNF2_N
210,AAA_8,ResIII
211,AAA_8,ADK
212,AAA_8,Myosin_head
213,AAA_8,MutS_V
214,AAA_8,AAA_33
215,AAA_8,AAA
216,AAA_8,AAA_7
217,AAA_8,AAA_6
218,AAA_8,AAA_5
219,AAA_8,ABC_tran
220,AAA_8,Dynamin_N
221,AAA_8,Arf
222,AAA_8,MMR_HSR1
223,AAA_8,Roc
224,AAA_8,AAA_18
225,AAA_8,AAA_12
226,AAA_8,AAA_11
227,AAA_7,G-alpha
228,AAA_7,SRPRB
229,AAA_7,GTP_EFTU
230,AAA_7,Kinesin
231,AAA_7,Microtub_bd
232,AAA_7,SNF2_N
233,AAA_7,ResIII
234,AAA_7,ADK
235,AAA_7,Myosin_head
236,AAA_7,MutS_V
237,AAA_7,AAA_33
238,AAA_7,AAA
239,AAA_7,AAA_6
240,AAA_7,AAA_5
241,AAA_7,ABC_tran
242,AAA_7,Dynamin_N
243,AAA_7,Arf
244,AAA_7,MMR_HSR1
245,AAA_7,Roc
246,AAA_7,AAA_18
247,AAA_7,AAA_12
248,AAA_7,AAA_11
249,AAA_6,G-alpha
250,AAA_6,SRPRB
251,AAA_6,GTP_EFTU
252,AAA_6,Kinesin
253,AAA_6,Microtub_bd
254,AAA_6,SNF2_N
255,AAA_6,ResIII
256,AAA_6,ADK
257,AAA_6,Myosin_head
258,AAA_6,MutS_V
259,AAA_6,AAA_33
260,AAA_6,AAA
261,AAA_6,AAA_5
262,AAA_6,ABC_tran
263,AAA_6,Dynamin_N
264,AAA_6,Arf
265,AAA_6,MMR_HSR1
266,AAA_6,Roc
267,AAA_6,AAA_18
268,AAA_6,AAA_12
269,AAA_6,AAA_11
270,AAA_5,G-alpha
271,AAA_5,SRPRB
272,AAA_5,GTP_EFTU
273,AAA_5,Kinesin
274,AAA_5,Microtub_bd
275,AAA_5,SNF2_N
276,AAA_5,ResIII
277,AAA_5,ADK
278,AAA_5,Myosin_head
279,AAA_5,MutS_V
280,AAA_5,AAA_33
281,AAA_5,AAA
282,AAA_5,ABC_tran
283,AAA_5,Dynamin_N
284,AAA_5,Arf
285,AAA_5,MMR_HSR1
286,AAA_5,Roc
287,AAA_5,AAA_18
288,AAA_5,AAA_12
289,AAA_5,AAA_11
290,Arf,G-alpha
291,Arf,SRPRB
292,Arf,GTP_EFTU
293,Arf,Kinesin
294,Arf,Microtub_bd
295,Arf,SNF2_N
296,Arf,ResIII
297,Arf,ADK
298,Arf,Myosin_head
299,Arf,MutS_V
300,Arf,AAA_33
301,Arf,AAA
302,Arf,ABC_tran
303,Arf,Dynamin_N
304,Arf,MMR_HSR1
305,Arf,Roc
306,Arf,AAA_18
307,Arf,AAA_12
308,Arf,AAA_11
309,Roc,G-alpha
310,Roc,SRPRB
311,Roc,GTP_EFTU
312,Roc,Kinesin
313,Roc,Microtub_bd
314,Roc,SNF2_N
315,Roc,ResIII
316,Roc,ADK
317,Roc,Myosin_head
318,Roc,MutS_V
319,Roc,AAA_33
320,Roc,AAA
321,Roc,ABC_tran
322,Roc,Dynamin_N
323,Roc,MMR_HSR1
324,Roc,AAA_18
325,Roc,AAA_12
326,Roc,AAA_11
327,G-alpha,SRPRB
328,G-alpha,GTP_EFTU
329,G-alpha,Kinesin
330,G-alpha,Microtub_bd
331,G-alpha,SNF2_N
332,G-alpha,ResIII
333,G-alpha,ADK
334,G-alpha,Myosin_head
335,G-alpha,MutS_V
336,G-alpha,AAA_33
337,G-alpha,AAA
338,G-alpha,ABC_tran
339,G-alpha,Dynamin_N
340,G-alpha,MMR_HSR1
341,G-alpha,AAA_18
342,G-alpha,AAA_12
343,G-alpha,AAA_11
344,SRPRB,GTP_EFTU
345,SRPRB,Kinesin
346,SRPRB,Microtub_bd
347,SRPRB,SNF2_N
348,SRPRB,ResIII
349,SRPRB,ADK
350,SRPRB,Myosin_head
351,SRPRB,MutS_V
352,SRPRB,AAA_33
353,SRPRB,AAA
354,SRPRB,ABC_tran
355,SRPRB,Dynamin_N
356,SRPRB,MMR_HSR1
357,SRPRB,AAA_18
358,SRPRB,AAA_12
359,SRPRB,AAA_11
360,GTP_EFTU,Kinesin
361,GTP_EFTU,Microtub_bd
362,GTP_EFTU,SNF2_N
363,GTP_EFTU,ResIII
364,GTP_EFTU,ADK
365,GTP_EFTU,Myosin_head
366,GTP_EFTU,MutS_V
367,GTP_EFTU,AAA_33
368,GTP_EFTU,AAA
369,GTP_EFTU,ABC_tran
370,GTP_EFTU,Dynamin_N
371,GTP_EFTU,MMR_HSR1
372,GTP_EFTU,AAA_18
373,GTP_EFTU,AAA_12
374,GTP_EFTU,AAA_11
375,Kinesin,Microtub_bd
376,Kinesin,SNF2_N
377,Kinesin,ResIII
378,Kinesin,ADK
379,Kinesin,Myosin_head
380,Kinesin,MutS_V
381,Kinesin,AAA_33
382,Kinesin,AAA
383,Kinesin,ABC_tran
384,Kinesin,Dynamin_N
385,Kinesin,MMR_HSR1
386,Kinesin,AAA_18
387,Kinesin,AAA_12
388,Kinesin,AAA_11
389,Microtub_bd,SNF2_N
390,Microtub_bd,ResIII
391,Microtub_bd,ADK
392,Microtub_bd,Myosin_head
393,Microtub_bd,MutS_V
394,Microtub_bd,AAA_33
395,Microtub_bd,AAA
396,Microtub_bd,ABC_tran
397,Microtub_bd,Dynamin_N
398,Microtub_bd,MMR_HSR1
399,Microtub_bd,AAA_18
400,Microtub_bd,AAA_12
401,Microtub_bd,AAA_11
402,ADK,SNF2_N
403,ADK,ResIII
404,ADK,Myosin_head
405,ADK,MutS_V
406,ADK,AAA_33
407,ADK,AAA
408,ADK,ABC_tran
409,ADK,Dynamin_N
410,ADK,MMR_HSR1
411,ADK,AAA_18
412,ADK,AAA_12
413,ADK,AAA_11
414,Myosin_head,SNF2_N
415,Myosin_head,ResIII
416,Myosin_head,MutS_V
417,Myosin_head,AAA_33
418,Myosin_head,AAA
419,Myosin_head,ABC_tran
420,Myosin_head,Dynamin_N
421,Myosin_head,MMR_HSR1
422,Myosin_head,AAA_18
423,Myosin_head,AAA_12
424,Myosin_head,AAA_11
425,MutS_V,SNF2_N
426,MutS_V,ResIII
427,MutS_V,AAA_33
428,MutS_V,AAA
429,MutS_V,ABC_tran
430,MutS_V,Dynamin_N
431,MutS_V,MMR_HSR1
432,MutS_V,AAA_18
433,MutS_V,AAA_12
434,MutS_V,AAA_11
435,AAA_33,SNF2_N
436,AAA_33,ResIII
437,AAA_33,AAA
438,AAA_33,ABC_tran
439,AAA_33,Dynamin_N
440,AAA_33,MMR_HSR1
441,AAA_33,AAA_18
442,AAA_33,AAA_12
443,AAA_33,AAA_11
444,ResIII,SNF2_N
445,ResIII,AAA
446,ResIII,ABC_tran
447,ResIII,Dynamin_N
448,ResIII,MMR_HSR1
449,ResIII,AAA_18
450,ResIII,AAA_12
451,ResIII,AAA_11
452,AAA,SNF2_N
453,AAA,ABC_tran
454,AAA,Dynamin_N
455,AAA,MMR_HSR1
456,AAA,AAA_18
457,AAA,AAA_12
458,AAA,AAA_11
459,ABC_tran,SNF2_N
460,ABC_tran,Dynamin_N
461,ABC_tran,MMR_HSR1
462,ABC_tran,AAA_18
463,ABC_tran,AAA_12
464,ABC_tran,AAA_11
465,Dynamin_N,SNF2_N
466,Dynamin_N,MMR_HSR1
467,Dynamin_N,AAA_18
468,Dynamin_N,AAA_12
469,Dynamin_N,AAA_11
470,AAA_11,SNF2_N
471,AAA_11,MMR_HSR1
472,AAA_11,AAA_18
473,AAA_11,AAA_12
474,SNF2_N,MMR_HSR1
475,SNF2_N,AAA_18
476,SNF2_N,AAA_12
477,AAA_18,MMR_HSR1
478,AAA_18,AAA_12
479,MMR_HSR1,AAA_12
480,Recep_L_domain,LRR_8
481,Recep_L_domain,LRR_4
482,Recep_L_domain,LRR_5
483,Recep_L_domain,LRR_6
484,LRR_8,LRR_4
485,LRR_8,LRR_5
486,LRR_8,LRR_6
487,LRR_4,LRR_5
488,LRR_4,LRR_6
489,LRR_5,LRR_6
490,HATPase_c_3,HATPase_c
491,Cadherin,IL6Ra-bind
492,Cadherin,TIG
493,Cadherin,fn3
494,Cadherin,Cadherin_2
495,Cadherin,PKD
496,Cadherin,Calx-beta
497,Cadherin,Integrin_alpha2
498,Cadherin,Transglut_C
499,Cadherin,A2M_N_2
500,Cadherin,Filamin
501,IL6Ra-bind,TIG
502,IL6Ra-bind,fn3
503,IL6Ra-bind,Cadherin_2
504,IL6Ra-bind,PKD
505,IL6Ra-bind,Calx-beta
506,IL6Ra-bind,Integrin_alpha2
507,IL6Ra-bind,Transglut_C
508,IL6Ra-bind,A2M_N_2
509,IL6Ra-bind,Filamin
510,TIG,fn3
511,TIG,Cadherin_2
512,TIG,PKD
513,TIG,Calx-beta
514,TIG,Integrin_alpha2
515,TIG,Transglut_C
516,TIG,A2M_N_2
517,TIG,Filamin
518,fn3,Cadherin_2
519,fn3,PKD
520,fn3,Calx-beta
521,fn3,Integrin_alpha2
522,fn3,Transglut_C
523,fn3,A2M_N_2
524,fn3,Filamin
525,Cadherin_2,PKD
526,Cadherin_2,Calx-beta
527,Cadherin_2,Integrin_alpha2
528,Cadherin_2,Transglut_C
529,Cadherin_2,A2M_N_2
530,Cadherin_2,Filamin
531,PKD,Calx-beta
532,PKD,Integrin_alpha2
533,PKD,Transglut_C
534,PKD,A2M_N_2
535,PKD,Filamin
536,Calx-beta,Integrin_alpha2
537,Calx-beta,Transglut_C
538,Calx-beta,A2M_N_2
539,Calx-beta,Filamin
540,Integrin_alpha2,Transglut_C
541,Integrin_alpha2,A2M_N_2
542,Integrin_alpha2,Filamin
543,Transglut_C,A2M_N_2
544,Transglut_C,Filamin
545,Filamin,A2M_N_2
546,PPTA,TPR_14
547,PPTA,TPR_10
548,PPTA,TPR_11
549,PPTA,TPR_12
550,PPTA,TPR_2
551,PPTA,TPR_19
552,PPTA,Sel1
553,PPTA,HEAT_2
554,PPTA,PUF
555,PPTA,Clathrin_propel
556,PPTA,Arm
557,PPTA,HEAT
558,PPTA,ANAPC3
559,PPTA,TPR_1
560,PPTA,TPR_7
561,PPTA,TPR_8
562,PPTA,HEAT_EZ
563,PPTA,IBN_N
564,Sel1,TPR_14
565,Sel1,TPR_10
566,Sel1,TPR_11
567,Sel1,TPR_12
568,Sel1,TPR_2
569,Sel1,TPR_19
570,Sel1,HEAT_2
571,Sel1,PUF
572,Sel1,Clathrin_propel
573,Sel1,Arm
574,Sel1,HEAT
575,Sel1,ANAPC3
576,Sel1,TPR_1
577,Sel1,TPR_7
578,Sel1,TPR_8
579,Sel1,HEAT_EZ
580,Sel1,IBN_N
581,Arm,TPR_14
582,Arm,TPR_10
583,Arm,TPR_11
584,Arm,TPR_12
585,Arm,TPR_2
586,Arm,TPR_19
587,Arm,HEAT_2
588,Arm,PUF
589,Arm,Clathrin_propel
590,Arm,HEAT
591,Arm,ANAPC3
592,Arm,TPR_1
593,Arm,TPR_7
594,Arm,TPR_8
595,Arm,HEAT_EZ
596,Arm,IBN_N
597,ANAPC3,TPR_14
598,ANAPC3,TPR_10
599,ANAPC3,TPR_11
600,ANAPC3,TPR_12
601,ANAPC3,TPR_2
602,ANAPC3,TPR_19
603,ANAPC3,HEAT_2
604,ANAPC3,PUF
605,ANAPC3,Clathrin_propel
606,ANAPC3,HEAT
607,ANAPC3,TPR_1
608,ANAPC3,TPR_7
609,ANAPC3,TPR_8
610,ANAPC3,HEAT_EZ
611,ANAPC3,IBN_N
612,IBN_N,TPR_14
613,IBN_N,TPR_10
614,IBN_N,TPR_11
615,IBN_N,TPR_12
616,IBN_N,TPR_2
617,IBN_N,TPR_19
618,IBN_N,HEAT_2
619,IBN_N,PUF
620,IBN_N,Clathrin_propel
621,IBN_N,HEAT
622,IBN_N,TPR_1
623,IBN_N,TPR_7
624,IBN_N,TPR_8
625,IBN_N,HEAT_EZ
626,TPR_14,TPR_10
627,TPR_14,TPR_11
628,TPR_14,TPR_12
629,TPR_14,TPR_2
630,TPR_14,TPR_19
631,TPR_14,HEAT_2
632,TPR_14,PUF
633,TPR_14,Clathrin_propel
634,TPR_14,HEAT
635,TPR_14,TPR_1
636,TPR_14,TPR_7
637,TPR_14,TPR_8
638,TPR_14,HEAT_EZ
639,TPR_10,TPR_11
640,TPR_10,TPR_12
641,TPR_10,TPR_2
642,TPR_10,TPR_19
643,TPR_10,HEAT_2
644,TPR_10,PUF
645,TPR_10,Clathrin_propel
646,TPR_10,HEAT
647,TPR_10,TPR_1
648,TPR_10,TPR_7
649,TPR_10,TPR_8
650,TPR_10,HEAT_EZ
651,TPR_11,TPR_12
652,TPR_11,TPR_2
653,TPR_11,TPR_19
654,TPR_11,HEAT_2
655,TPR_11,PUF
656,TPR_11,Clathrin_propel
657,TPR_11,HEAT
658,TPR_11,TPR_1
659,TPR_11,TPR_7
660,TPR_11,TPR_8
661,TPR_11,HEAT_EZ
662,TPR_12,TPR_2
663,TPR_12,TPR_19
664,TPR_12,HEAT_2
665,TPR_12,PUF
666,TPR_12,Clathrin_propel
667,TPR_12,HEAT
668,TPR_12,TPR_1
669,TPR_12,TPR_7
670,TPR_12,TPR_8
671,TPR_12,HEAT_EZ
672,TPR_19,TPR_2
673,TPR_19,HEAT_2
674,TPR_19,PUF
675,TPR_19,Clathrin_propel
676,TPR_19,HEAT
677,TPR_19,TPR_1
678,TPR_19,TPR_7
679,TPR_19,TPR_8
680,TPR_19,HEAT_EZ
681,HEAT_2,TPR_2
682,HEAT_2,PUF
683,HEAT_2,Clathrin_propel
684,HEAT_2,HEAT
685,HEAT_2,TPR_1
686,HEAT_2,TPR_7
687,HEAT_2,TPR_8
688,HEAT_2,HEAT_EZ
689,PUF,TPR_2
690,PUF,Clathrin_propel
691,PUF,HEAT
692,PUF,TPR_1
693,PUF,TPR_7
694,PUF,TPR_8
695,PUF,HEAT_EZ
696,Clathrin_propel,TPR_2
697,Clathrin_propel,HEAT
698,Clathrin_propel,TPR_1
699,Clathrin_propel,TPR_7
700,Clathrin_propel,TPR_8
701,Clathrin_propel,HEAT_EZ
702,HEAT,TPR_2
703,HEAT,TPR_1
704,HEAT,TPR_7
705,HEAT,TPR_8
706,HEAT,HEAT_EZ
707,TPR_2,TPR_1
708,TPR_2,TPR_7
709,TPR_2,TPR_8
710,TPR_2,HEAT_EZ
711,TPR_1,TPR_7
712,TPR_1,TPR_8
713,TPR_1,HEAT_EZ
714,TPR_7,TPR_8
715,TPR_7,HEAT_EZ
716,TPR_8,HEAT_EZ
717,GST_C,GST_C_2
718,GST_C,GST_C_3
719,GST_C_2,GST_C_3
720,Glycos_transf_2,Glyco_transf_7C
721,HMG_box,HMG_box_2
722,Ldl_recept_b,WD40
723,Ldl_recept_b,RCC1_2
724,Ldl_recept_b,NHL
725,Ldl_recept_b,Kelch_3
726,Ldl_recept_b,Kelch_2
727,Ldl_recept_b,Kelch_1
728,Ldl_recept_b,Kelch_6
729,Ldl_recept_b,Kelch_4
730,Ldl_recept_b,VCBS
731,Ldl_recept_b,FG-GAP
732,Ldl_recept_b,RCC1
733,Ldl_recept_b,ANAPC4_WD40
734,WD40,RCC1_2
735,WD40,NHL
736,WD40,Kelch_3
737,WD40,Kelch_2
738,WD40,Kelch_1
739,WD40,Kelch_6
740,WD40,Kelch_4
741,WD40,VCBS
742,WD40,FG-GAP
743,WD40,RCC1
744,WD40,ANAPC4_WD40
745,RCC1_2,NHL
746,RCC1_2,Kelch_3
747,RCC1_2,Kelch_2
748,RCC1_2,Kelch_1
749,RCC1_2,Kelch_6
750,RCC1_2,Kelch_4
751,RCC1_2,VCBS
752,RCC1_2,FG-GAP
753,RCC1_2,RCC1
754,RCC1_2,ANAPC4_WD40
755,NHL,Kelch_3
756,NHL,Kelch_2
757,NHL,Kelch_1
758,NHL,Kelch_6
759,NHL,Kelch_4
760,NHL,VCBS
761,NHL,FG-GAP
762,NHL,RCC1
763,NHL,ANAPC4_WD40
764,Kelch_3,Kelch_2
765,Kelch_3,Kelch_1
766,Kelch_3,Kelch_6
767,Kelch_3,Kelch_4
768,Kelch_3,VCBS
769,Kelch_3,FG-GAP
770,Kelch_3,RCC1
771,Kelch_3,ANAPC4_WD40
772,Kelch_2,Kelch_1
773,Kelch_2,Kelch_6
774,Kelch_2,Kelch_4
775,Kelch_2,VCBS
776,Kelch_2,FG-GAP
777,Kelch_2,RCC1
778,Kelch_2,ANAPC4_WD40
779,Kelch_1,Kelch_6
780,Kelch_1,Kelch_4
781,Kelch_1,VCBS
782,Kelch_1,FG-GAP
783,Kelch_1,RCC1
784,Kelch_1,ANAPC4_WD40
785,Kelch_6,Kelch_4
786,Kelch_6,VCBS
787,Kelch_6,FG-GAP
788,Kelch_6,RCC1
789,Kelch_6,ANAPC4_WD40
790,Kelch_4,VCBS
791,Kelch_4,FG-GAP
792,Kelch_4,RCC1
793,Kelch_4,ANAPC4_WD40
794,VCBS,FG-GAP
795,VCBS,RCC1
796,VCBS,ANAPC4_WD40
797,FG-GAP,RCC1
798,FG-GAP,ANAPC4_WD40
799,RCC1,ANAPC4_WD40
800,Pkinase_Tyr,Pkinase
801,Pkinase_Tyr,PI3_PI4_kinase
802,PI3_PI4_kinase,Pkinase
803,PAS_9,PAS_3
804,PAS_9,PAS
805,PAS_9,PAS_11
806,PAS,PAS_3
807,PAS,PAS_11
808,PAS_11,PAS_3
809,HLH,Neur_chan_LBD
810,HLH,Oxysterol_BP
811,HLH,HMA
812,HLH,Glyco_transf_29
813,HLH,Bromodomain
814,HLH,zf-B_box
815,HLH,THAP
816,HLH,Spin-Ssty
817,HLH,E1-E2_ATPase
818,HLH,Serpin
819,HLH,Cyt-b5
820,HLH,Somatomedin_B
821,HLH,zf-AN1
822,HLH,zf-C2HC
823,HLH,BAH
824,HLH,HRM
825,HLH,Hemopexin
826,HLH,Ldl_recept_a
827,HLH,SET
828,HLH,Pre-SET
829,HLH,PX
830,HLH,WW
831,HLH,HA2
832,HLH,IL8
833,HLH,zf-A20
834,HLH,Notch
835,HLH,ArfGap
836,HLH,Mito_carr
837,HLH,Pkinase_C
838,HLH,MIP
839,HLH,MIT
840,HLH,RnaseA
841,HLH,Annexin
842,HLH,ANATO
843,HLH,VPS9
844,HLH,zf-CXXC
845,HLH,NDK
846,HLH,Sec7
847,HLH,RabGAP-TBC
848,HLH,Na_Ca_ex
849,HLH,Cation_ATPase_C
850,HLH,Nop
851,HLH,Disintegrin
852,HLH,CBS
853,HLH,Aldo_ket_red
854,HLH,Cpn60_TCP1
855,HLH,p450
856,HLH,TSP_1
857,HLH,TSP_3
858,HLH,Kunitz_BPTI
859,HLH,OLF
860,HLH,Hormone_recep
861,HLH,Acyl-CoA_dh_M
862,HLH,Carb_anhydrase
863,Neur_chan_LBD,Oxysterol_BP
864,Neur_chan_LBD,HMA
865,Neur_chan_LBD,Glyco_transf_29
866,Neur_chan_LBD,Bromodomain
867,Neur_chan_LBD,zf-B_box
868,Neur_chan_LBD,THAP
869,Neur_chan_LBD,Spin-Ssty
870,Neur_chan_LBD,E1-E2_ATPase
871,Neur_chan_LBD,Serpin
872,Neur_chan_LBD,Cyt-b5
873,Neur_chan_LBD,Somatomedin_B
874,Neur_chan_LBD,zf-AN1
875,Neur_chan_LBD,zf-C2HC
876,Neur_chan_LBD,BAH
877,Neur_chan_LBD,HRM
878,Neur_chan_LBD,Hemopexin
879,Neur_chan_LBD,Ldl_recept_a
880,Neur_chan_LBD,SET
881,Neur_chan_LBD,Pre-SET
882,Neur_chan_LBD,PX
883,Neur_chan_LBD,WW
884,Neur_chan_LBD,HA2
885,Neur_chan_LBD,IL8
886,Neur_chan_LBD,zf-A20
887,Neur_chan_LBD,Notch
888,Neur_chan_LBD,ArfGap
889,Neur_chan_LBD,Mito_carr
890,Neur_chan_LBD,Pkinase_C
891,Neur_chan_LBD,MIP
892,Neur_chan_LBD,MIT
893,Neur_chan_LBD,RnaseA
894,Neur_chan_LBD,Annexin
895,Neur_chan_LBD,ANATO
896,Neur_chan_LBD,VPS9
897,Neur_chan_LBD,zf-CXXC
898,Neur_chan_LBD,NDK
899,Neur_chan_LBD,Sec7
900,Neur_chan_LBD,RabGAP-TBC
901,Neur_chan_LBD,Na_Ca_ex
902,Neur_chan_LBD,Cation_ATPase_C
903,Neur_chan_LBD,Nop
904,Neur_chan_LBD,Disintegrin
905,Neur_chan_LBD,CBS
906,Neur_chan_LBD,Aldo_ket_red
907,Neur_chan_LBD,Cpn60_TCP1
908,Neur_chan_LBD,p450
909,Neur_chan_LBD,TSP_1
910,Neur_chan_LBD,TSP_3
911,Neur_chan_LBD,Kunitz_BPTI
912,Neur_chan_LBD,OLF
913,Neur_chan_LBD,Hormone_recep
914,Neur_chan_LBD,Acyl-CoA_dh_M
915,Neur_chan_LBD,Carb_anhydrase
916,Oxysterol_BP,HMA
917,Oxysterol_BP,Glyco_transf_29
918,Oxysterol_BP,Bromodomain
919,Oxysterol_BP,zf-B_box
920,Oxysterol_BP,THAP
921,Oxysterol_BP,Spin-Ssty
922,Oxysterol_BP,E1-E2_ATPase
923,Oxysterol_BP,Serpin
924,Oxysterol_BP,Cyt-b5
925,Oxysterol_BP,Somatomedin_B
926,Oxysterol_BP,zf-AN1
927,Oxysterol_BP,zf-C2HC
928,Oxysterol_BP,BAH
929,Oxysterol_BP,HRM
930,Oxysterol_BP,Hemopexin
931,Oxysterol_BP,Ldl_recept_a
932,Oxysterol_BP,SET
933,Oxysterol_BP,Pre-SET
934,Oxysterol_BP,PX
935,Oxysterol_BP,WW
936,Oxysterol_BP,HA2
937,Oxysterol_BP,IL8
938,Oxysterol_BP,zf-A20
939,Oxysterol_BP,Notch
940,Oxysterol_BP,ArfGap
941,Oxysterol_BP,Mito_carr
942,Oxysterol_BP,Pkinase_C
943,Oxysterol_BP,MIP
944,Oxysterol_BP,MIT
945,Oxysterol_BP,RnaseA
946,Oxysterol_BP,Annexin
947,Oxysterol_BP,ANATO
948,Oxysterol_BP,VPS9
949,Oxysterol_BP,zf-CXXC
950,Oxysterol_BP,NDK
951,Oxysterol_BP,Sec7
952,Oxysterol_BP,RabGAP-TBC
953,Oxysterol_BP,Na_Ca_ex
954,Oxysterol_BP,Cation_ATPase_C
955,Oxysterol_BP,Nop
956,Oxysterol_BP,Disintegrin
957,Oxysterol_BP,CBS
958,Oxysterol_BP,Aldo_ket_red
959,Oxysterol_BP,Cpn60_TCP1
960,Oxysterol_BP,p450
961,Oxysterol_BP,TSP_1
962,Oxysterol_BP,TSP_3
963,Oxysterol_BP,Kunitz_BPTI
964,Oxysterol_BP,OLF
965,Oxysterol_BP,Hormone_recep
966,Oxysterol_BP,Acyl-CoA_dh_M
967,Oxysterol_BP,Carb_anhydrase
968,HMA,Glyco_transf_29
969,HMA,Bromodomain
970,HMA,zf-B_box
971,HMA,THAP
972,HMA,Spin-Ssty
973,HMA,E1-E2_ATPase
974,HMA,Serpin
975,HMA,Cyt-b5
976,HMA,Somatomedin_B
977,HMA,zf-AN1
978,HMA,zf-C2HC
979,HMA,BAH
980,HMA,HRM
981,HMA,Hemopexin
982,HMA,Ldl_recept_a
983,HMA,SET
984,HMA,Pre-SET
985,HMA,PX
986,HMA,WW
987,HMA,HA2
988,HMA,IL8
989,HMA,zf-A20
990,HMA,Notch
991,HMA,ArfGap
992,HMA,Mito_carr
993,HMA,Pkinase_C
994,HMA,MIP
995,HMA,MIT
996,HMA,RnaseA
997,HMA,Annexin
998,HMA,ANATO
999,HMA,VPS9
1000,HMA,zf-CXXC
1001,HMA,NDK
1002,HMA,Sec7
1003,HMA,RabGAP-TBC
1004,HMA,Na_Ca_ex
1005,HMA,Cation_ATPase_C
1006,HMA,Nop
1007,HMA,Disintegrin
1008,HMA,CBS
1009,HMA,Aldo_ket_red
1010,HMA,Cpn60_TCP1
1011,HMA,p450
1012,HMA,TSP_1
1013,HMA,TSP_3
1014,HMA,Kunitz_BPTI
1015,HMA,OLF
1016,HMA,Hormone_recep
1017,HMA,Acyl-CoA_dh_M
1018,HMA,Carb_anhydrase
1019,Kunitz_BPTI,Glyco_transf_29
1020,Kunitz_BPTI,Bromodomain
1021,Kunitz_BPTI,zf-B_box
1022,Kunitz_BPTI,THAP
1023,Kunitz_BPTI,Spin-Ssty
1024,Kunitz_BPTI,E1-E2_ATPase
1025,Kunitz_BPTI,Serpin
1026,Kunitz_BPTI,Cyt-b5
1027,Kunitz_BPTI,Somatomedin_B
1028,Kunitz_BPTI,zf-AN1
1029,Kunitz_BPTI,zf-C2HC
1030,Kunitz_BPTI,BAH
1031,Kunitz_BPTI,HRM
1032,Kunitz_BPTI,Hemopexin
1033,Kunitz_BPTI,Ldl_recept_a
1034,Kunitz_BPTI,SET
1035,Kunitz_BPTI,Pre-SET
1036,Kunitz_BPTI,PX
1037,Kunitz_BPTI,WW
1038,Kunitz_BPTI,HA2
1039,Kunitz_BPTI,IL8
1040,Kunitz_BPTI,zf-A20
1041,Kunitz_BPTI,Notch
1042,Kunitz_BPTI,ArfGap
1043,Kunitz_BPTI,Mito_carr
1044,Kunitz_BPTI,Pkinase_C
1045,Kunitz_BPTI,MIP
1046,Kunitz_BPTI,MIT
1047,Kunitz_BPTI,RnaseA
1048,Kunitz_BPTI,Annexin
1049,Kunitz_BPTI,ANATO
1050,Kunitz_BPTI,VPS9
1051,Kunitz_BPTI,zf-CXXC
1052,Kunitz_BPTI,NDK
1053,Kunitz_BPTI,Sec7
1054,Kunitz_BPTI,RabGAP-TBC
1055,Kunitz_BPTI,Na_Ca_ex
1056,Kunitz_BPTI,Cation_ATPase_C
1057,Kunitz_BPTI,Nop
1058,Kunitz_BPTI,Disintegrin
1059,Kunitz_BPTI,CBS
1060,Kunitz_BPTI,Aldo_ket_red
1061,Kunitz_BPTI,Cpn60_TCP1
1062,Kunitz_BPTI,p450
1063,Kunitz_BPTI,TSP_1
1064,Kunitz_BPTI,TSP_3
1065,Kunitz_BPTI,OLF
1066,Kunitz_BPTI,Hormone_recep
1067,Kunitz_BPTI,Acyl-CoA_dh_M
1068,Kunitz_BPTI,Carb_anhydrase
1069,Bromodomain,Glyco_transf_29
1070,Bromodomain,zf-B_box
1071,Bromodomain,THAP
1072,Bromodomain,Spin-Ssty
1073,Bromodomain,E1-E2_ATPase
1074,Bromodomain,Serpin
1075,Bromodomain,Cyt-b5
1076,Bromodomain,Somatomedin_B
1077,Bromodomain,zf-AN1
1078,Bromodomain,zf-C2HC
1079,Bromodomain,BAH
1080,Bromodomain,HRM
1081,Bromodomain,Hemopexin
1082,Bromodomain,Ldl_recept_a
1083,Bromodomain,SET
1084,Bromodomain,Pre-SET
1085,Bromodomain,PX
1086,Bromodomain,WW
1087,Bromodomain,HA2
1088,Bromodomain,IL8
1089,Bromodomain,zf-A20
1090,Bromodomain,Notch
1091,Bromodomain,ArfGap
1092,Bromodomain,Mito_carr
1093,Bromodomain,Pkinase_C
1094,Bromodomain,MIP
1095,Bromodomain,MIT
1096,Bromodomain,RnaseA
1097,Bromodomain,Annexin
1098,Bromodomain,ANATO
1099,Bromodomain,VPS9
1100,Bromodomain,zf-CXXC
1101,Bromodomain,NDK
1102,Bromodomain,Sec7
1103,Bromodomain,RabGAP-TBC
1104,Bromodomain,Na_Ca_ex
1105,Bromodomain,Cation_ATPase_C
1106,Bromodomain,Nop
1107,Bromodomain,Disintegrin
1108,Bromodomain,CBS
1109,Bromodomain,Aldo_ket_red
1110,Bromodomain,Cpn60_TCP1
1111,Bromodomain,p450
1112,Bromodomain,TSP_1
1113,Bromodomain,TSP_3
1114,Bromodomain,OLF
1115,Bromodomain,Hormone_recep
1116,Bromodomain,Acyl-CoA_dh_M
1117,Bromodomain,Carb_anhydrase
1118,zf-B_box,Glyco_transf_29
1119,zf-B_box,THAP
1120,zf-B_box,Spin-Ssty
1121,zf-B_box,E1-E2_ATPase
1122,zf-B_box,Serpin
1123,zf-B_box,Cyt-b5
1124,zf-B_box,Somatomedin_B
1125,zf-B_box,zf-AN1
1126,zf-B_box,zf-C2HC
1127,zf-B_box,BAH
1128,zf-B_box,HRM
1129,zf-B_box,Hemopexin
1130,zf-B_box,Ldl_recept_a
1131,zf-B_box,SET
1132,zf-B_box,Pre-SET
1133,zf-B_box,PX
1134,zf-B_box,WW
1135,zf-B_box,HA2
1136,zf-B_box,IL8
1137,zf-B_box,zf-A20
1138,zf-B_box,Notch
1139,zf-B_box,ArfGap
1140,zf-B_box,Mito_carr
1141,zf-B_box,Pkinase_C
1142,zf-B_box,MIP
1143,zf-B_box,MIT
1144,zf-B_box,RnaseA
1145,zf-B_box,Annexin
1146,zf-B_box,ANATO
1147,zf-B_box,VPS9
1148,zf-B_box,zf-CXXC
1149,zf-B_box,NDK
1150,zf-B_box,Sec7
1151,zf-B_box,RabGAP-TBC
1152,zf-B_box,Na_Ca_ex
1153,zf-B_box,Cation_ATPase_C
1154,zf-B_box,Nop
1155,zf-B_box,Disintegrin
1156,zf-B_box,CBS
1157,zf-B_box,Aldo_ket_red
1158,zf-B_box,Cpn60_TCP1
1159,zf-B_box,p450
1160,zf-B_box,TSP_1
1161,zf-B_box,TSP_3
1162,zf-B_box,OLF
1163,zf-B_box,Hormone_recep
1164,zf-B_box,Acyl-CoA_dh_M
1165,zf-B_box,Carb_anhydrase
1166,Pkinase_C,Glyco_transf_29
1167,Pkinase_C,THAP
1168,Pkinase_C,Spin-Ssty
1169,Pkinase_C,E1-E2_ATPase
1170,Pkinase_C,Serpin
1171,Pkinase_C,Cyt-b5
1172,Pkinase_C,Somatomedin_B
1173,Pkinase_C,zf-AN1
1174,Pkinase_C,zf-C2HC
1175,Pkinase_C,BAH
1176,Pkinase_C,HRM
1177,Pkinase_C,Hemopexin
1178,Pkinase_C,Ldl_recept_a
1179,Pkinase_C,SET
1180,Pkinase_C,Pre-SET
1181,Pkinase_C,PX
1182,Pkinase_C,WW
1183,Pkinase_C,HA2
1184,Pkinase_C,IL8
1185,Pkinase_C,zf-A20
1186,Pkinase_C,Notch
1187,Pkinase_C,ArfGap
1188,Pkinase_C,Mito_carr
1189,Pkinase_C,MIP
1190,Pkinase_C,MIT
1191,Pkinase_C,RnaseA
1192,Pkinase_C,Annexin
1193,Pkinase_C,ANATO
1194,Pkinase_C,VPS9
1195,Pkinase_C,zf-CXXC
1196,Pkinase_C,NDK
1197,Pkinase_C,Sec7
1198,Pkinase_C,RabGAP-TBC
1199,Pkinase_C,Na_Ca_ex
1200,Pkinase_C,Cation_ATPase_C
1201,Pkinase_C,Nop
1202,Pkinase_C,Disintegrin
1203,Pkinase_C,CBS
1204,Pkinase_C,Aldo_ket_red
1205,Pkinase_C,Cpn60_TCP1
1206,Pkinase_C,p450
1207,Pkinase_C,TSP_1
1208,Pkinase_C,TSP_3
1209,Pkinase_C,OLF
1210,Pkinase_C,Hormone_recep
1211,Pkinase_C,Acyl-CoA_dh_M
1212,Pkinase_C,Carb_anhydrase
1213,Hormone_recep,Glyco_transf_29
1214,Hormone_recep,THAP
1215,Hormone_recep,Spin-Ssty
1216,Hormone_recep,E1-E2_ATPase
1217,Hormone_recep,Serpin
1218,Hormone_recep,Cyt-b5
1219,Hormone_recep,Somatomedin_B
1220,Hormone_recep,zf-AN1
1221,Hormone_recep,zf-C2HC
1222,Hormone_recep,BAH
1223,Hormone_recep,HRM
1224,Hormone_recep,Hemopexin
1225,Hormone_recep,Ldl_recept_a
1226,Hormone_recep,SET
1227,Hormone_recep,Pre-SET
1228,Hormone_recep,PX
1229,Hormone_recep,WW
1230,Hormone_recep,HA2
1231,Hormone_recep,IL8
1232,Hormone_recep,zf-A20
1233,Hormone_recep,Notch
1234,Hormone_recep,ArfGap
1235,Hormone_recep,Mito_carr
1236,Hormone_recep,MIP
1237,Hormone_recep,MIT
1238,Hormone_recep,RnaseA
1239,Hormone_recep,Annexin
1240,Hormone_recep,ANATO
1241,Hormone_recep,VPS9
1242,Hormone_recep,zf-CXXC
1243,Hormone_recep,NDK
1244,Hormone_recep,Sec7
1245,Hormone_recep,RabGAP-TBC
1246,Hormone_recep,Na_Ca_ex
1247,Hormone_recep,Cation_ATPase_C
1248,Hormone_recep,Nop
1249,Hormone_recep,Disintegrin
1250,Hormone_recep,CBS
1251,Hormone_recep,Aldo_ket_red
1252,Hormone_recep,Cpn60_TCP1
1253,Hormone_recep,p450
1254,Hormone_recep,TSP_1
1255,Hormone_recep,TSP_3
1256,Hormone_recep,OLF
1257,Hormone_recep,Acyl-CoA_dh_M
1258,Hormone_recep,Carb_anhydrase
1259,THAP,Glyco_transf_29
1260,THAP,Spin-Ssty
1261,THAP,E1-E2_ATPase
1262,THAP,Serpin
1263,THAP,Cyt-b5
1264,THAP,Somatomedin_B
1265,THAP,zf-AN1
1266,THAP,zf-C2HC
1267,THAP,BAH
1268,THAP,HRM
1269,THAP,Hemopexin
1270,THAP,Ldl_recept_a
1271,THAP,SET
1272,THAP,Pre-SET
1273,THAP,PX
1274,THAP,WW
1275,THAP,HA2
1276,THAP,IL8
1277,THAP,zf-A20
1278,THAP,Notch
1279,THAP,ArfGap
1280,THAP,Mito_carr
1281,THAP,MIP
1282,THAP,MIT
1283,THAP,RnaseA
1284,THAP,Annexin
1285,THAP,ANATO
1286,THAP,VPS9
1287,THAP,zf-CXXC
1288,THAP,NDK
1289,THAP,Sec7
1290,THAP,RabGAP-TBC
1291,THAP,Na_Ca_ex
1292,THAP,Cation_ATPase_C
1293,THAP,Nop
1294,THAP,Disintegrin
1295,THAP,CBS
1296,THAP,Aldo_ket_red
1297,THAP,Cpn60_TCP1
1298,THAP,p450
1299,THAP,TSP_1
1300,THAP,TSP_3
1301,THAP,OLF
1302,THAP,Acyl-CoA_dh_M
1303,THAP,Carb_anhydrase
1304,Spin-Ssty,Glyco_transf_29
1305,Spin-Ssty,E1-E2_ATPase
1306,Spin-Ssty,Serpin
1307,Spin-Ssty,Cyt-b5
1308,Spin-Ssty,Somatomedin_B
1309,Spin-Ssty,zf-AN1
1310,Spin-Ssty,zf-C2HC
1311,Spin-Ssty,BAH
1312,Spin-Ssty,HRM
1313,Spin-Ssty,Hemopexin
1314,Spin-Ssty,Ldl_recept_a
1315,Spin-Ssty,SET
1316,Spin-Ssty,Pre-SET
1317,Spin-Ssty,PX
1318,Spin-Ssty,WW
1319,Spin-Ssty,HA2
1320,Spin-Ssty,IL8
1321,Spin-Ssty,zf-A20
1322,Spin-Ssty,Notch
1323,Spin-Ssty,ArfGap
1324,Spin-Ssty,Mito_carr
1325,Spin-Ssty,MIP
1326,Spin-Ssty,MIT
1327,Spin-Ssty,RnaseA
1328,Spin-Ssty,Annexin
1329,Spin-Ssty,ANATO
1330,Spin-Ssty,VPS9
1331,Spin-Ssty,zf-CXXC
1332,Spin-Ssty,NDK
1333,Spin-Ssty,Sec7
1334,Spin-Ssty,RabGAP-TBC
1335,Spin-Ssty,Na_Ca_ex
1336,Spin-Ssty,Cation_ATPase_C
1337,Spin-Ssty,Nop
1338,Spin-Ssty,Disintegrin
1339,Spin-Ssty,CBS
1340,Spin-Ssty,Aldo_ket_red
1341,Spin-Ssty,Cpn60_TCP1
1342,Spin-Ssty,p450
1343,Spin-Ssty,TSP_1
1344,Spin-Ssty,TSP_3
1345,Spin-Ssty,OLF
1346,Spin-Ssty,Acyl-CoA_dh_M
1347,Spin-Ssty,Carb_anhydrase
1348,E1-E2_ATPase,Glyco_transf_29
1349,E1-E2_ATPase,Serpin
1350,E1-E2_ATPase,Cyt-b5
1351,E1-E2_ATPase,Somatomedin_B
1352,E1-E2_ATPase,zf-AN1
1353,E1-E2_ATPase,zf-C2HC
1354,E1-E2_ATPase,BAH
1355,E1-E2_ATPase,HRM
1356,E1-E2_ATPase,Hemopexin
1357,E1-E2_ATPase,Ldl_recept_a
1358,E1-E2_ATPase,SET
1359,E1-E2_ATPase,Pre-SET
1360,E1-E2_ATPase,PX
1361,E1-E2_ATPase,WW
1362,E1-E2_ATPase,HA2
1363,E1-E2_ATPase,IL8
1364,E1-E2_ATPase,zf-A20
1365,E1-E2_ATPase,Notch
1366,E1-E2_ATPase,ArfGap
1367,E1-E2_ATPase,Mito_carr
1368,E1-E2_ATPase,MIP
1369,E1-E2_ATPase,MIT
1370,E1-E2_ATPase,RnaseA
1371,E1-E2_ATPase,Annexin
1372,E1-E2_ATPase,ANATO
1373,E1-E2_ATPase,VPS9
1374,E1-E2_ATPase,zf-CXXC
1375,E1-E2_ATPase,NDK
1376,E1-E2_ATPase,Sec7
1377,E1-E2_ATPase,RabGAP-TBC
1378,E1-E2_ATPase,Na_Ca_ex
1379,E1-E2_ATPase,Cation_ATPase_C
1380,E1-E2_ATPase,Nop
1381,E1-E2_ATPase,Disintegrin
1382,E1-E2_ATPase,CBS
1383,E1-E2_ATPase,Aldo_ket_red
1384,E1-E2_ATPase,Cpn60_TCP1
1385,E1-E2_ATPase,p450
1386,E1-E2_ATPase,TSP_1
1387,E1-E2_ATPase,TSP_3
1388,E1-E2_ATPase,OLF
1389,E1-E2_ATPase,Acyl-CoA_dh_M
1390,E1-E2_ATPase,Carb_anhydrase
1391,TSP_1,Glyco_transf_29
1392,TSP_1,Serpin
1393,TSP_1,Cyt-b5
1394,TSP_1,Somatomedin_B
1395,TSP_1,zf-AN1
1396,TSP_1,zf-C2HC
1397,TSP_1,BAH
1398,TSP_1,HRM
1399,TSP_1,Hemopexin
1400,TSP_1,Ldl_recept_a
1401,TSP_1,SET
1402,TSP_1,Pre-SET
1403,TSP_1,PX
1404,TSP_1,WW
1405,TSP_1,HA2
1406,TSP_1,IL8
1407,TSP_1,zf-A20
1408,TSP_1,Notch
1409,TSP_1,ArfGap
1410,TSP_1,Mito_carr
1411,TSP_1,MIP
1412,TSP_1,MIT
1413,TSP_1,RnaseA
1414,TSP_1,Annexin
1415,TSP_1,ANATO
1416,TSP_1,VPS9
1417,TSP_1,zf-CXXC
1418,TSP_1,NDK
1419,TSP_1,Sec7
1420,TSP_1,RabGAP-TBC
1421,TSP_1,Na_Ca_ex
1422,TSP_1,Cation_ATPase_C
1423,TSP_1,Nop
1424,TSP_1,Disintegrin
1425,TSP_1,CBS
1426,TSP_1,Aldo_ket_red
1427,TSP_1,Cpn60_TCP1
1428,TSP_1,p450
1429,TSP_1,TSP_3
1430,TSP_1,OLF
1431,TSP_1,Acyl-CoA_dh_M
1432,TSP_1,Carb_anhydrase
1433,Somatomedin_B,Glyco_transf_29
1434,Somatomedin_B,Serpin
1435,Somatomedin_B,Cyt-b5
1436,Somatomedin_B,zf-AN1
1437,Somatomedin_B,zf-C2HC
1438,Somatomedin_B,BAH
1439,Somatomedin_B,HRM
1440,Somatomedin_B,Hemopexin
1441,Somatomedin_B,Ldl_recept_a
1442,Somatomedin_B,SET
1443,Somatomedin_B,Pre-SET
1444,Somatomedin_B,PX
1445,Somatomedin_B,WW
1446,Somatomedin_B,HA2
1447,Somatomedin_B,IL8
1448,Somatomedin_B,zf-A20
1449,Somatomedin_B,Notch
1450,Somatomedin_B,ArfGap
1451,Somatomedin_B,Mito_carr
1452,Somatomedin_B,MIP
1453,Somatomedin_B,MIT
1454,Somatomedin_B,RnaseA
1455,Somatomedin_B,Annexin
1456,Somatomedin_B,ANATO
1457,Somatomedin_B,VPS9
1458,Somatomedin_B,zf-CXXC
1459,Somatomedin_B,NDK
1460,Somatomedin_B,Sec7
1461,Somatomedin_B,RabGAP-TBC
1462,Somatomedin_B,Na_Ca_ex
1463,Somatomedin_B,Cation_ATPase_C
1464,Somatomedin_B,Nop
1465,Somatomedin_B,Disintegrin
1466,Somatomedin_B,CBS
1467,Somatomedin_B,Aldo_ket_red
1468,Somatomedin_B,Cpn60_TCP1
1469,Somatomedin_B,p450
1470,Somatomedin_B,TSP_3
1471,Somatomedin_B,OLF
1472,Somatomedin_B,Acyl-CoA_dh_M
1473,Somatomedin_B,Carb_anhydrase
1474,BAH,Glyco_transf_29
1475,BAH,Serpin
1476,BAH,Cyt-b5
1477,BAH,zf-AN1
1478,BAH,zf-C2HC
1479,BAH,HRM
1480,BAH,Hemopexin
1481,BAH,Ldl_recept_a
1482,BAH,SET
1483,BAH,Pre-SET
1484,BAH,PX
1485,BAH,WW
1486,BAH,HA2
1487,BAH,IL8
1488,BAH,zf-A20
1489,BAH,Notch
1490,BAH,ArfGap
1491,BAH,Mito_carr
1492,BAH,MIP
1493,BAH,MIT
1494,BAH,RnaseA
1495,BAH,Annexin
1496,BAH,ANATO
1497,BAH,VPS9
1498,BAH,zf-CXXC
1499,BAH,NDK
1500,BAH,Sec7
1501,BAH,RabGAP-TBC
1502,BAH,Na_Ca_ex
1503,BAH,Cation_ATPase_C
1504,BAH,Nop
1505,BAH,Disintegrin
1506,BAH,CBS
1507,BAH,Aldo_ket_red
1508,BAH,Cpn60_TCP1
1509,BAH,p450
1510,BAH,TSP_3
1511,BAH,OLF
1512,BAH,Acyl-CoA_dh_M
1513,BAH,Carb_anhydrase
1514,HRM,Glyco_transf_29
1515,HRM,Serpin
1516,HRM,Cyt-b5
1517,HRM,zf-AN1
1518,HRM,zf-C2HC
1519,HRM,Hemopexin
1520,HRM,Ldl_recept_a
1521,HRM,SET
1522,HRM,Pre-SET
1523,HRM,PX
1524,HRM,WW
1525,HRM,HA2
1526,HRM,IL8
1527,HRM,zf-A20
1528,HRM,Notch
1529,HRM,ArfGap
1530,HRM,Mito_carr
1531,HRM,MIP
1532,HRM,MIT
1533,HRM,RnaseA
1534,HRM,Annexin
1535,HRM,ANATO
1536,HRM,VPS9
1537,HRM,zf-CXXC
1538,HRM,NDK
1539,HRM,Sec7
1540,HRM,RabGAP-TBC
1541,HRM,Na_Ca_ex
1542,HRM,Cation_ATPase_C
1543,HRM,Nop
1544,HRM,Disintegrin
1545,HRM,CBS
1546,HRM,Aldo_ket_red
1547,HRM,Cpn60_TCP1
1548,HRM,p450
1549,HRM,TSP_3
1550,HRM,OLF
1551,HRM,Acyl-CoA_dh_M
1552,HRM,Carb_anhydrase
1553,Hemopexin,Glyco_transf_29
1554,Hemopexin,Serpin
1555,Hemopexin,Cyt-b5
1556,Hemopexin,zf-AN1
1557,Hemopexin,zf-C2HC
1558,Hemopexin,Ldl_recept_a
1559,Hemopexin,SET
1560,Hemopexin,Pre-SET
1561,Hemopexin,PX
1562,Hemopexin,WW
1563,Hemopexin,HA2
1564,Hemopexin,IL8
1565,Hemopexin,zf-A20
1566,Hemopexin,Notch
1567,Hemopexin,ArfGap
1568,Hemopexin,Mito_carr
1569,Hemopexin,MIP
1570,Hemopexin,MIT
1571,Hemopexin,RnaseA
1572,Hemopexin,Annexin
1573,Hemopexin,ANATO
1574,Hemopexin,VPS9
1575,Hemopexin,zf-CXXC
1576,Hemopexin,NDK
1577,Hemopexin,Sec7
1578,Hemopexin,RabGAP-TBC
1579,Hemopexin,Na_Ca_ex
1580,Hemopexin,Cation_ATPase_C
1581,Hemopexin,Nop
1582,Hemopexin,Disintegrin
1583,Hemopexin,CBS
1584,Hemopexin,Aldo_ket_red
1585,Hemopexin,Cpn60_TCP1
1586,Hemopexin,p450
1587,Hemopexin,TSP_3
1588,Hemopexin,OLF
1589,Hemopexin,Acyl-CoA_dh_M
1590,Hemopexin,Carb_anhydrase
1591,Ldl_recept_a,Glyco_transf_29
1592,Ldl_recept_a,Serpin
1593,Ldl_recept_a,Cyt-b5
1594,Ldl_recept_a,zf-AN1
1595,Ldl_recept_a,zf-C2HC
1596,Ldl_recept_a,SET
1597,Ldl_recept_a,Pre-SET
1598,Ldl_recept_a,PX
1599,Ldl_recept_a,WW
1600,Ldl_recept_a,HA2
1601,Ldl_recept_a,IL8
1602,Ldl_recept_a,zf-A20
1603,Ldl_recept_a,Notch
1604,Ldl_recept_a,ArfGap
1605,Ldl_recept_a,Mito_carr
1606,Ldl_recept_a,MIP
1607,Ldl_recept_a,MIT
1608,Ldl_recept_a,RnaseA
1609,Ldl_recept_a,Annexin
1610,Ldl_recept_a,ANATO
1611,Ldl_recept_a,VPS9
1612,Ldl_recept_a,zf-CXXC
1613,Ldl_recept_a,NDK
1614,Ldl_recept_a,Sec7
1615,Ldl_recept_a,RabGAP-TBC
1616,Ldl_recept_a,Na_Ca_ex
1617,Ldl_recept_a,Cation_ATPase_C
1618,Ldl_recept_a,Nop
1619,Ldl_recept_a,Disintegrin
1620,Ldl_recept_a,CBS
1621,Ldl_recept_a,Aldo_ket_red
1622,Ldl_recept_a,Cpn60_TCP1
1623,Ldl_recept_a,p450
1624,Ldl_recept_a,TSP_3
1625,Ldl_recept_a,OLF
1626,Ldl_recept_a,Acyl-CoA_dh_M
1627,Ldl_recept_a,Carb_anhydrase
1628,SET,Glyco_transf_29
1629,SET,Serpin
1630,SET,Cyt-b5
1631,SET,zf-AN1
1632,SET,zf-C2HC
1633,SET,Pre-SET
1634,SET,PX
1635,SET,WW
1636,SET,HA2
1637,SET,IL8
1638,SET,zf-A20
1639,SET,Notch
1640,SET,ArfGap
1641,SET,Mito_carr
1642,SET,MIP
1643,SET,MIT
1644,SET,RnaseA
1645,SET,Annexin
1646,SET,ANATO
1647,SET,VPS9
1648,SET,zf-CXXC
1649,SET,NDK
1650,SET,Sec7
1651,SET,RabGAP-TBC
1652,SET,Na_Ca_ex
1653,SET,Cation_ATPase_C
1654,SET,Nop
1655,SET,Disintegrin
1656,SET,CBS
1657,SET,Aldo_ket_red
1658,SET,Cpn60_TCP1
1659,SET,p450
1660,SET,TSP_3
1661,SET,OLF
1662,SET,Acyl-CoA_dh_M
1663,SET,Carb_anhydrase
1664,Pre-SET,Glyco_transf_29
1665,Pre-SET,Serpin
1666,Pre-SET,Cyt-b5
1667,Pre-SET,zf-AN1
1668,Pre-SET,zf-C2HC
1669,Pre-SET,PX
1670,Pre-SET,WW
1671,Pre-SET,HA2
1672,Pre-SET,IL8
1673,Pre-SET,zf-A20
1674,Pre-SET,Notch
1675,Pre-SET,ArfGap
1676,Pre-SET,Mito_carr
1677,Pre-SET,MIP
1678,Pre-SET,MIT
1679,Pre-SET,RnaseA
1680,Pre-SET,Annexin
1681,Pre-SET,ANATO
1682,Pre-SET,VPS9
1683,Pre-SET,zf-CXXC
1684,Pre-SET,NDK
1685,Pre-SET,Sec7
1686,Pre-SET,RabGAP-TBC
1687,Pre-SET,Na_Ca_ex
1688,Pre-SET,Cation_ATPase_C
1689,Pre-SET,Nop
1690,Pre-SET,Disintegrin
1691,Pre-SET,CBS
1692,Pre-SET,Aldo_ket_red
1693,Pre-SET,Cpn60_TCP1
1694,Pre-SET,p450
1695,Pre-SET,TSP_3
1696,Pre-SET,OLF
1697,Pre-SET,Acyl-CoA_dh_M
1698,Pre-SET,Carb_anhydrase
1699,WW,Glyco_transf_29
1700,WW,Serpin
1701,WW,Cyt-b5
1702,WW,zf-AN1
1703,WW,zf-C2HC
1704,WW,PX
1705,WW,HA2
1706,WW,IL8
1707,WW,zf-A20
1708,WW,Notch
1709,WW,ArfGap
1710,WW,Mito_carr
1711,WW,MIP
1712,WW,MIT
1713,WW,RnaseA
1714,WW,Annexin
1715,WW,ANATO
1716,WW,VPS9
1717,WW,zf-CXXC
1718,WW,NDK
1719,WW,Sec7
1720,WW,RabGAP-TBC
1721,WW,Na_Ca_ex
1722,WW,Cation_ATPase_C
1723,WW,Nop
1724,WW,Disintegrin
1725,WW,CBS
1726,WW,Aldo_ket_red
1727,WW,Cpn60_TCP1
1728,WW,p450
1729,WW,TSP_3
1730,WW,OLF
1731,WW,Acyl-CoA_dh_M
1732,WW,Carb_anhydrase
1733,zf-C2HC,Glyco_transf_29
1734,zf-C2HC,Serpin
1735,zf-C2HC,Cyt-b5
1736,zf-C2HC,zf-AN1
1737,zf-C2HC,PX
1738,zf-C2HC,HA2
1739,zf-C2HC,IL8
1740,zf-C2HC,zf-A20
1741,zf-C2HC,Notch
1742,zf-C2HC,ArfGap
1743,zf-C2HC,Mito_carr
1744,zf-C2HC,MIP
1745,zf-C2HC,MIT
1746,zf-C2HC,RnaseA
1747,zf-C2HC,Annexin
1748,zf-C2HC,ANATO
1749,zf-C2HC,VPS9
1750,zf-C2HC,zf-CXXC
1751,zf-C2HC,NDK
1752,zf-C2HC,Sec7
1753,zf-C2HC,RabGAP-TBC
1754,zf-C2HC,Na_Ca_ex
1755,zf-C2HC,Cation_ATPase_C
1756,zf-C2HC,Nop
1757,zf-C2HC,Disintegrin
1758,zf-C2HC,CBS
1759,zf-C2HC,Aldo_ket_red
1760,zf-C2HC,Cpn60_TCP1
1761,zf-C2HC,p450
1762,zf-C2HC,TSP_3
1763,zf-C2HC,OLF
1764,zf-C2HC,Acyl-CoA_dh_M
1765,zf-C2HC,Carb_anhydrase
1766,HA2,Glyco_transf_29
1767,HA2,Serpin
1768,HA2,Cyt-b5
1769,HA2,zf-AN1
1770,HA2,PX
1771,HA2,IL8
1772,HA2,zf-A20
1773,HA2,Notch
1774,HA2,ArfGap
1775,HA2,Mito_carr
1776,HA2,MIP
1777,HA2,MIT
1778,HA2,RnaseA
1779,HA2,Annexin
1780,HA2,ANATO
1781,HA2,VPS9
1782,HA2,zf-CXXC
1783,HA2,NDK
1784,HA2,Sec7
1785,HA2,RabGAP-TBC
1786,HA2,Na_Ca_ex
1787,HA2,Cation_ATPase_C
1788,HA2,Nop
1789,HA2,Disintegrin
1790,HA2,CBS
1791,HA2,Aldo_ket_red
1792,HA2,Cpn60_TCP1
1793,HA2,p450
1794,HA2,TSP_3
1795,HA2,OLF
1796,HA2,Acyl-CoA_dh_M
1797,HA2,Carb_anhydrase
1798,MIP,Glyco_transf_29
1799,MIP,Serpin
1800,MIP,Cyt-b5
1801,MIP,zf-AN1
1802,MIP,PX
1803,MIP,IL8
1804,MIP,zf-A20
1805,MIP,Notch
1806,MIP,ArfGap
1807,MIP,Mito_carr
1808,MIP,MIT
1809,MIP,RnaseA
1810,MIP,Annexin
1811,MIP,ANATO
1812,MIP,VPS9
1813,MIP,zf-CXXC
1814,MIP,NDK
1815,MIP,Sec7
1816,MIP,RabGAP-TBC
1817,MIP,Na_Ca_ex
1818,MIP,Cation_ATPase_C
1819,MIP,Nop
1820,MIP,Disintegrin
1821,MIP,CBS
1822,MIP,Aldo_ket_red
1823,MIP,Cpn60_TCP1
1824,MIP,p450
1825,MIP,TSP_3
1826,MIP,OLF
1827,MIP,Acyl-CoA_dh_M
1828,MIP,Carb_anhydrase
1829,IL8,Glyco_transf_29
1830,IL8,Serpin
1831,IL8,Cyt-b5
1832,IL8,zf-AN1
1833,IL8,PX
1834,IL8,zf-A20
1835,IL8,Notch
1836,IL8,ArfGap
1837,IL8,Mito_carr
1838,IL8,MIT
1839,IL8,RnaseA
1840,IL8,Annexin
1841,IL8,ANATO
1842,IL8,VPS9
1843,IL8,zf-CXXC
1844,IL8,NDK
1845,IL8,Sec7
1846,IL8,RabGAP-TBC
1847,IL8,Na_Ca_ex
1848,IL8,Cation_ATPase_C
1849,IL8,Nop
1850,IL8,Disintegrin
1851,IL8,CBS
1852,IL8,Aldo_ket_red
1853,IL8,Cpn60_TCP1
1854,IL8,p450
1855,IL8,TSP_3
1856,IL8,OLF
1857,IL8,Acyl-CoA_dh_M
1858,IL8,Carb_anhydrase
1859,zf-A20,Glyco_transf_29
1860,zf-A20,Serpin
1861,zf-A20,Cyt-b5
1862,zf-A20,zf-AN1
1863,zf-A20,PX
1864,zf-A20,Notch
1865,zf-A20,ArfGap
1866,zf-A20,Mito_carr
1867,zf-A20,MIT
1868,zf-A20,RnaseA
1869,zf-A20,Annexin
1870,zf-A20,ANATO
1871,zf-A20,VPS9
1872,zf-A20,zf-CXXC
1873,zf-A20,NDK
1874,zf-A20,Sec7
1875,zf-A20,RabGAP-TBC
1876,zf-A20,Na_Ca_ex
1877,zf-A20,Cation_ATPase_C
1878,zf-A20,Nop
1879,zf-A20,Disintegrin
1880,zf-A20,CBS
1881,zf-A20,Aldo_ket_red
1882,zf-A20,Cpn60_TCP1
1883,zf-A20,p450
1884,zf-A20,TSP_3
1885,zf-A20,OLF
1886,zf-A20,Acyl-CoA_dh_M
1887,zf-A20,Carb_anhydrase
1888,Notch,Glyco_transf_29
1889,Notch,Serpin
1890,Notch,Cyt-b5
1891,Notch,zf-AN1
1892,Notch,PX
1893,Notch,ArfGap
1894,Notch,Mito_carr
1895,Notch,MIT
1896,Notch,RnaseA
1897,Notch,Annexin
1898,Notch,ANATO
1899,Notch,VPS9
1900,Notch,zf-CXXC
1901,Notch,NDK
1902,Notch,Sec7
1903,Notch,RabGAP-TBC
1904,Notch,Na_Ca_ex
1905,Notch,Cation_ATPase_C
1906,Notch,Nop
1907,Notch,Disintegrin
1908,Notch,CBS
1909,Notch,Aldo_ket_red
1910,Notch,Cpn60_TCP1
1911,Notch,p450
1912,Notch,TSP_3
1913,Notch,OLF
1914,Notch,Acyl-CoA_dh_M
1915,Notch,Carb_anhydrase
1916,ArfGap,Glyco_transf_29
1917,ArfGap,Serpin
1918,ArfGap,Cyt-b5
1919,ArfGap,zf-AN1
1920,ArfGap,PX
1921,ArfGap,Mito_carr
1922,ArfGap,MIT
1923,ArfGap,RnaseA
1924,ArfGap,Annexin
1925,ArfGap,ANATO
1926,ArfGap,VPS9
1927,ArfGap,zf-CXXC
1928,ArfGap,NDK
1929,ArfGap,Sec7
1930,ArfGap,RabGAP-TBC
1931,ArfGap,Na_Ca_ex
1932,ArfGap,Cation_ATPase_C
1933,ArfGap,Nop
1934,ArfGap,Disintegrin
1935,ArfGap,CBS
1936,ArfGap,Aldo_ket_red
1937,ArfGap,Cpn60_TCP1
1938,ArfGap,p450
1939,ArfGap,TSP_3
1940,ArfGap,OLF
1941,ArfGap,Acyl-CoA_dh_M
1942,ArfGap,Carb_anhydrase
1943,Mito_carr,Glyco_transf_29
1944,Mito_carr,Serpin
1945,Mito_carr,Cyt-b5
1946,Mito_carr,zf-AN1
1947,Mito_carr,PX
1948,Mito_carr,MIT
1949,Mito_carr,RnaseA
1950,Mito_carr,Annexin
1951,Mito_carr,ANATO
1952,Mito_carr,VPS9
1953,Mito_carr,zf-CXXC
1954,Mito_carr,NDK
1955,Mito_carr,Sec7
1956,Mito_carr,RabGAP-TBC
1957,Mito_carr,Na_Ca_ex
1958,Mito_carr,Cation_ATPase_C
1959,Mito_carr,Nop
1960,Mito_carr,Disintegrin
1961,Mito_carr,CBS
1962,Mito_carr,Aldo_ket_red
1963,Mito_carr,Cpn60_TCP1
1964,Mito_carr,p450
1965,Mito_carr,TSP_3
1966,Mito_carr,OLF
1967,Mito_carr,Acyl-CoA_dh_M
1968,Mito_carr,Carb_anhydrase
1969,Cyt-b5,Glyco_transf_29
1970,Cyt-b5,Serpin
1971,Cyt-b5,zf-AN1
1972,Cyt-b5,PX
1973,Cyt-b5,MIT
1974,Cyt-b5,RnaseA
1975,Cyt-b5,Annexin
1976,Cyt-b5,ANATO
1977,Cyt-b5,VPS9
1978,Cyt-b5,zf-CXXC
1979,Cyt-b5,NDK
1980,Cyt-b5,Sec7
1981,Cyt-b5,RabGAP-TBC
1982,Cyt-b5,Na_Ca_ex
1983,Cyt-b5,Cation_ATPase_C
1984,Cyt-b5,Nop
1985,Cyt-b5,Disintegrin
1986,Cyt-b5,CBS
1987,Cyt-b5,Aldo_ket_red
1988,Cyt-b5,Cpn60_TCP1
1989,Cyt-b5,p450
1990,Cyt-b5,TSP_3
1991,Cyt-b5,OLF
1992,Cyt-b5,Acyl-CoA_dh_M
1993,Cyt-b5,Carb_anhydrase
1994,MIT,Glyco_transf_29
1995,MIT,Serpin
1996,MIT,zf-AN1
1997,MIT,PX
1998,MIT,RnaseA
1999,MIT,Annexin
2000,MIT,ANATO
2001,MIT,VPS9
2002,MIT,zf-CXXC
2003,MIT,NDK
2004,MIT,Sec7
2005,MIT,RabGAP-TBC
2006,MIT,Na_Ca_ex
2007,MIT,Cation_ATPase_C
2008,MIT,Nop
2009,MIT,Disintegrin
2010,MIT,CBS
2011,MIT,Aldo_ket_red
2012,MIT,Cpn60_TCP1
2013,MIT,p450
2014,MIT,TSP_3
2015,MIT,OLF
2016,MIT,Acyl-CoA_dh_M
2017,MIT,Carb_anhydrase
2018,RnaseA,Glyco_transf_29
2019,RnaseA,Serpin
2020,RnaseA,zf-AN1
2021,RnaseA,PX
2022,RnaseA,Annexin
2023,RnaseA,ANATO
2024,RnaseA,VPS9
2025,RnaseA,zf-CXXC
2026,RnaseA,NDK
2027,RnaseA,Sec7
2028,RnaseA,RabGAP-TBC
2029,RnaseA,Na_Ca_ex
2030,RnaseA,Cation_ATPase_C
2031,RnaseA,Nop
2032,RnaseA,Disintegrin
2033,RnaseA,CBS
2034,RnaseA,Aldo_ket_red
2035,RnaseA,Cpn60_TCP1
2036,RnaseA,p450
2037,RnaseA,TSP_3
2038,RnaseA,OLF
2039,RnaseA,Acyl-CoA_dh_M
2040,RnaseA,Carb_anhydrase
2041,Annexin,Glyco_transf_29
2042,Annexin,Serpin
2043,Annexin,zf-AN1
2044,Annexin,PX
2045,Annexin,ANATO
2046,Annexin,VPS9
2047,Annexin,zf-CXXC
2048,Annexin,NDK
2049,Annexin,Sec7
2050,Annexin,RabGAP-TBC
2051,Annexin,Na_Ca_ex
2052,Annexin,Cation_ATPase_C
2053,Annexin,Nop
2054,Annexin,Disintegrin
2055,Annexin,CBS
2056,Annexin,Aldo_ket_red
2057,Annexin,Cpn60_TCP1
2058,Annexin,p450
2059,Annexin,TSP_3
2060,Annexin,OLF
2061,Annexin,Acyl-CoA_dh_M
2062,Annexin,Carb_anhydrase
2063,ANATO,Glyco_transf_29
2064,ANATO,Serpin
2065,ANATO,zf-AN1
2066,ANATO,PX
2067,ANATO,VPS9
2068,ANATO,zf-CXXC
2069,ANATO,NDK
2070,ANATO,Sec7
2071,ANATO,RabGAP-TBC
2072,ANATO,Na_Ca_ex
2073,ANATO,Cation_ATPase_C
2074,ANATO,Nop
2075,ANATO,Disintegrin
2076,ANATO,CBS
2077,ANATO,Aldo_ket_red
2078,ANATO,Cpn60_TCP1
2079,ANATO,p450
2080,ANATO,TSP_3
2081,ANATO,OLF
2082,ANATO,Acyl-CoA_dh_M
2083,ANATO,Carb_anhydrase
2084,VPS9,Glyco_transf_29
2085,VPS9,Serpin
2086,VPS9,zf-AN1
2087,VPS9,PX
2088,VPS9,zf-CXXC
2089,VPS9,NDK
2090,VPS9,Sec7
2091,VPS9,RabGAP-TBC
2092,VPS9,Na_Ca_ex
2093,VPS9,Cation_ATPase_C
2094,VPS9,Nop
2095,VPS9,Disintegrin
2096,VPS9,CBS
2097,VPS9,Aldo_ket_red
2098,VPS9,Cpn60_TCP1
2099,VPS9,p450
2100,VPS9,TSP_3
2101,VPS9,OLF
2102,VPS9,Acyl-CoA_dh_M
2103,VPS9,Carb_anhydrase
2104,zf-CXXC,Glyco_transf_29
2105,zf-CXXC,Serpin
2106,zf-CXXC,zf-AN1
2107,zf-CXXC,PX
2108,zf-CXXC,NDK
2109,zf-CXXC,Sec7
2110,zf-CXXC,RabGAP-TBC
2111,zf-CXXC,Na_Ca_ex
2112,zf-CXXC,Cation_ATPase_C
2113,zf-CXXC,Nop
2114,zf-CXXC,Disintegrin
2115,zf-CXXC,CBS
2116,zf-CXXC,Aldo_ket_red
2117,zf-CXXC,Cpn60_TCP1
2118,zf-CXXC,p450
2119,zf-CXXC,TSP_3
2120,zf-CXXC,OLF
2121,zf-CXXC,Acyl-CoA_dh_M
2122,zf-CXXC,Carb_anhydrase
2123,NDK,Glyco_transf_29
2124,NDK,Serpin
2125,NDK,zf-AN1
2126,NDK,PX
2127,NDK,Sec7
2128,NDK,RabGAP-TBC
2129,NDK,Na_Ca_ex
2130,NDK,Cation_ATPase_C
2131,NDK,Nop
2132,NDK,Disintegrin
2133,NDK,CBS
2134,NDK,Aldo_ket_red
2135,NDK,Cpn60_TCP1
2136,NDK,p450
2137,NDK,TSP_3
2138,NDK,OLF
2139,NDK,Acyl-CoA_dh_M
2140,NDK,Carb_anhydrase
2141,CBS,Glyco_transf_29
2142,CBS,Serpin
2143,CBS,zf-AN1
2144,CBS,PX
2145,CBS,Sec7
2146,CBS,RabGAP-TBC
2147,CBS,Na_Ca_ex
2148,CBS,Cation_ATPase_C
2149,CBS,Nop
2150,CBS,Disintegrin
2151,CBS,Aldo_ket_red
2152,CBS,Cpn60_TCP1
2153,CBS,p450
2154,CBS,TSP_3
2155,CBS,OLF
2156,CBS,Acyl-CoA_dh_M
2157,CBS,Carb_anhydrase
2158,Glyco_transf_29,Serpin
2159,Glyco_transf_29,zf-AN1
2160,Glyco_transf_29,PX
2161,Glyco_transf_29,Sec7
2162,Glyco_transf_29,RabGAP-TBC
2163,Glyco_transf_29,Na_Ca_ex
2164,Glyco_transf_29,Cation_ATPase_C
2165,Glyco_transf_29,Nop
2166,Glyco_transf_29,Disintegrin
2167,Glyco_transf_29,Aldo_ket_red
2168,Glyco_transf_29,Cpn60_TCP1
2169,Glyco_transf_29,p450
2170,Glyco_transf_29,TSP_3
2171,Glyco_transf_29,OLF
2172,Glyco_transf_29,Acyl-CoA_dh_M
2173,Glyco_transf_29,Carb_anhydrase
2174,RabGAP-TBC,Serpin
2175,RabGAP-TBC,zf-AN1
2176,RabGAP-TBC,PX
2177,RabGAP-TBC,Sec7
2178,RabGAP-TBC,Na_Ca_ex
2179,RabGAP-TBC,Cation_ATPase_C
2180,RabGAP-TBC,Nop
2181,RabGAP-TBC,Disintegrin
2182,RabGAP-TBC,Aldo_ket_red
2183,RabGAP-TBC,Cpn60_TCP1
2184,RabGAP-TBC,p450
2185,RabGAP-TBC,TSP_3
2186,RabGAP-TBC,OLF
2187,RabGAP-TBC,Acyl-CoA_dh_M
2188,RabGAP-TBC,Carb_anhydrase
2189,Na_Ca_ex,Serpin
2190,Na_Ca_ex,zf-AN1
2191,Na_Ca_ex,PX
2192,Na_Ca_ex,Sec7
2193,Na_Ca_ex,Cation_ATPase_C
2194,Na_Ca_ex,Nop
2195,Na_Ca_ex,Disintegrin
2196,Na_Ca_ex,Aldo_ket_red
2197,Na_Ca_ex,Cpn60_TCP1
2198,Na_Ca_ex,p450
2199,Na_Ca_ex,TSP_3
2200,Na_Ca_ex,OLF
2201,Na_Ca_ex,Acyl-CoA_dh_M
2202,Na_Ca_ex,Carb_anhydrase
2203,Cation_ATPase_C,Serpin
2204,Cation_ATPase_C,zf-AN1
2205,Cation_ATPase_C,PX
2206,Cation_ATPase_C,Sec7
2207,Cation_ATPase_C,Nop
2208,Cation_ATPase_C,Disintegrin
2209,Cation_ATPase_C,Aldo_ket_red
2210,Cation_ATPase_C,Cpn60_TCP1
2211,Cation_ATPase_C,p450
2212,Cation_ATPase_C,TSP_3
2213,Cation_ATPase_C,OLF
2214,Cation_ATPase_C,Acyl-CoA_dh_M
2215,Cation_ATPase_C,Carb_anhydrase
2216,Nop,Serpin
2217,Nop,zf-AN1
2218,Nop,PX
2219,Nop,Sec7
2220,Nop,Disintegrin
2221,Nop,Aldo_ket_red
2222,Nop,Cpn60_TCP1
2223,Nop,p450
2224,Nop,TSP_3
2225,Nop,OLF
2226,Nop,Acyl-CoA_dh_M
2227,Nop,Carb_anhydrase
2228,Disintegrin,Serpin
2229,Disintegrin,zf-AN1
2230,Disintegrin,PX
2231,Disintegrin,Sec7
2232,Disintegrin,Aldo_ket_red
2233,Disintegrin,Cpn60_TCP1
2234,Disintegrin,p450
2235,Disintegrin,TSP_3
2236,Disintegrin,OLF
2237,Disintegrin,Acyl-CoA_dh_M
2238,Disintegrin,Carb_anhydrase
2239,Aldo_ket_red,Serpin
2240,Aldo_ket_red,zf-AN1
2241,Aldo_ket_red,PX
2242,Aldo_ket_red,Sec7
2243,Aldo_ket_red,Cpn60_TCP1
2244,Aldo_ket_red,p450
2245,Aldo_ket_red,TSP_3
2246,Aldo_ket_red,OLF
2247,Aldo_ket_red,Acyl-CoA_dh_M
2248,Aldo_ket_red,Carb_anhydrase
2249,Carb_anhydrase,Serpin
2250,Carb_anhydrase,zf-AN1
2251,Carb_anhydrase,PX
2252,Carb_anhydrase,Sec7
2253,Carb_anhydrase,Cpn60_TCP1
2254,Carb_anhydrase,p450
2255,Carb_anhydrase,TSP_3
2256,Carb_anhydrase,OLF
2257,Carb_anhydrase,Acyl-CoA_dh_M
2258,Cpn60_TCP1,Serpin
2259,Cpn60_TCP1,zf-AN1
2260,Cpn60_TCP1,PX
2261,Cpn60_TCP1,Sec7
2262,Cpn60_TCP1,p450
2263,Cpn60_TCP1,TSP_3
2264,Cpn60_TCP1,OLF
2265,Cpn60_TCP1,Acyl-CoA_dh_M
2266,p450,Serpin
2267,p450,zf-AN1
2268,p450,PX
2269,p450,Sec7
2270,p450,TSP_3
2271,p450,OLF
2272,p450,Acyl-CoA_dh_M
2273,TSP_3,Serpin
2274,TSP_3,zf-AN1
2275,TSP_3,PX
2276,TSP_3,Sec7
2277,TSP_3,OLF
2278,TSP_3,Acyl-CoA_dh_M
2279,Sec7,Serpin
2280,Sec7,zf-AN1
2281,Sec7,PX
2282,Sec7,OLF
2283,Sec7,Acyl-CoA_dh_M
2284,PX,Serpin
2285,PX,zf-AN1
2286,PX,OLF
2287,PX,Acyl-CoA_dh_M
2288,zf-AN1,Serpin
2289,zf-AN1,OLF
2290,zf-AN1,Acyl-CoA_dh_M
2291,OLF,Serpin
2292,OLF,Acyl-CoA_dh_M
2293,Acyl-CoA_dh_M,Serpin
2294,LIM,TFIIS_C
2295,LIM,zf-C4
2296,LIM,GATA
2297,LIM,zf-RanBP
2298,TFIIS_C,zf-C4
2299,TFIIS_C,GATA
2300,TFIIS_C,zf-RanBP
2301,zf-C4,GATA
2302,zf-C4,zf-RanBP
2303,GATA,zf-RanBP
2304,Ribosomal_S4,S4
2305,MFS_1,Sugar_tr
2306,SH3_9,CAP_GLY
2307,SH3_9,SH3_1
2308,SH3_9,SH3_2
2309,SH3_1,CAP_GLY
2310,SH3_1,SH3_2
2311,SH3_2,CAP_GLY
2312,C1-set,C2-set_2
2313,C1-set,ig
2314,C1-set,V-set
2315,C1-set,I-set
2316,C1-set,Ig_3
2317,C1-set,Ig_2
2318,C2-set_2,ig
2319,C2-set_2,V-set
2320,C2-set_2,I-set
2321,C2-set_2,Ig_3
2322,C2-set_2,Ig_2
2323,Ig_2,ig
2324,Ig_2,V-set
2325,Ig_2,I-set
2326,Ig_2,Ig_3
2327,V-set,ig
2328,V-set,I-set
2329,V-set,Ig_3
2330,I-set,ig
2331,I-set,Ig_3
2332,Ig_3,ig
2333,Histone,CBFD_NFYB_HMF
2334,Histone,TAF
2335,CBFD_NFYB_HMF,TAF
2336,bZIP_1,bZIP_2
2337,Ricin_B_lectin,FGF
2338,PID,PTB
2339,PID,PH
2340,PID,IRS
2341,PID,WH1
2342,PTB,PH
2343,PTB,IRS
2344,PTB,WH1
2345,PH,IRS
2346,PH,WH1
2347,IRS,WH1
2348,MHC_I,MHC_II_alpha
2349,MHC_I,MHC_II_beta
2350,MHC_II_alpha,MHC_II_beta
2351,TUDOR,Chromo
2352,TUDOR,PWWP
2353,TUDOR,MBT
2354,Chromo,PWWP
2355,Chromo,MBT
2356,PWWP,MBT
2357,7tm_4,Frizzled
2358,7tm_4,HlyIII
2359,7tm_4,7tm_2
2360,7tm_4,7tm_3
2361,7tm_4,7tm_1
2362,7tm_2,Frizzled
2363,7tm_2,HlyIII
2364,7tm_2,7tm_3
2365,7tm_2,7tm_1
2366,7tm_3,Frizzled
2367,7tm_3,HlyIII
2368,7tm_3,7tm_1
2369,7tm_1,Frizzled
2370,7tm_1,HlyIII
2371,Frizzled,HlyIII
2372,Ank_4,Ank_5
2373,Ank_4,Ank_3
2374,Ank_4,Ank_2
2375,Ank_4,Ank
2376,Ank_5,Ank_3
2377,Ank_5,Ank_2
2378,Ank_5,Ank
2379,Ank,Ank_3
2380,Ank,Ank_2
2381,Ank_2,Ank_3
2382,PDZ_2,PDZ
2383,Trypsin,Trypsin_2
2384,UCH_1,Transglut_core
2385,UCH_1,Peptidase_C2
2386,UCH_1,Peptidase_C1
2387,UCH_1,OTU
2388,UCH_1,UCH
2389,Peptidase_C1,Transglut_core
2390,Peptidase_C1,Peptidase_C2
2391,Peptidase_C1,OTU
2392,Peptidase_C1,UCH
2393,UCH,Transglut_core
2394,UCH,Peptidase_C2
2395,UCH,OTU
2396,Transglut_core,Peptidase_C2
2397,Transglut_core,OTU
2398,Peptidase_C2,OTU
2399,Reprolysin_5,Peptidase_M1
2400,Reprolysin_5,Reprolysin
2401,Reprolysin_5,Reprolysin_2
2402,Reprolysin_5,Reprolysin_3
2403,Reprolysin_5,Peptidase_M10
2404,Reprolysin_2,Peptidase_M1
2405,Reprolysin_2,Reprolysin
2406,Reprolysin_2,Reprolysin_3
2407,Reprolysin_2,Peptidase_M10
2408,Reprolysin_3,Peptidase_M1
2409,Reprolysin_3,Reprolysin
2410,Reprolysin_3,Peptidase_M10
2411,Peptidase_M1,Reprolysin
2412,Peptidase_M1,Peptidase_M10
2413,Peptidase_M10,Reprolysin
2414,PCI,Homeobox_KN
2415,PCI,Forkhead
2416,PCI,ARID
2417,PCI,Myb_DNA-binding
2418,PCI,Pou
2419,PCI,HSF_DNA-bind
2420,PCI,Myb_DNA-bind_6
2421,PCI,Ets
2422,PCI,Homeobox
2423,Homeobox_KN,Forkhead
2424,Homeobox_KN,ARID
2425,Homeobox_KN,Myb_DNA-binding
2426,Homeobox_KN,Pou
2427,Homeobox_KN,HSF_DNA-bind
2428,Homeobox_KN,Myb_DNA-bind_6
2429,Homeobox_KN,Ets
2430,Homeobox_KN,Homeobox
2431,HSF_DNA-bind,Forkhead
2432,HSF_DNA-bind,ARID
2433,HSF_DNA-bind,Myb_DNA-binding
2434,HSF_DNA-bind,Pou
2435,HSF_DNA-bind,Myb_DNA-bind_6
2436,HSF_DNA-bind,Ets
2437,HSF_DNA-bind,Homeobox
2438,Forkhead,ARID
2439,Forkhead,Myb_DNA-binding
2440,Forkhead,Pou
2441,Forkhead,Myb_DNA-bind_6
2442,Forkhead,Ets
2443,Forkhead,Homeobox
2444,Myb_DNA-bind_6,ARID
2445,Myb_DNA-bind_6,Myb_DNA-binding
2446,Myb_DNA-bind_6,Pou
2447,Myb_DNA-bind_6,Ets
2448,Myb_DNA-bind_6,Homeobox
2449,ARID,Myb_DNA-binding
2450,ARID,Pou
2451,ARID,Ets
2452,ARID,Homeobox
2453,Ets,Myb_DNA-binding
2454,Ets,Pou
2455,Ets,Homeobox
2456,Myb_DNA-binding,Pou
2457,Myb_DNA-binding,Homeobox
2458,Homeobox,Pou
2459,VWA_2,VWA_3
2460,VWA_2,VWA
2461,VWA_3,VWA
2462,DSPc,Rhodanese
2463,DSPc,Y_phosphatase
2464,Rhodanese,Y_phosphatase
2465,zf-RING_2,zf-UBP
2466,zf-RING_2,zf-RING_5
2467,zf-RING_2,zf-C3HC4_4
2468,zf-RING_2,zf-C3HC4_3
2469,zf-RING_2,zf-C3HC4_2
2470,zf-RING_2,Prok-RING_4
2471,zf-RING_2,IBR
2472,zf-RING_2,zf-RING_11
2473,zf-RING_2,zf-C3HC4
2474,zf-RING_2,RINGv
2475,zf-RING_2,zf-RING_UBOX
2476,zf-RING_2,zf-rbx1
2477,zf-RING_5,zf-UBP
2478,zf-RING_5,zf-C3HC4_4
2479,zf-RING_5,zf-C3HC4_3
2480,zf-RING_5,zf-C3HC4_2
2481,zf-RING_5,Prok-RING_4
2482,zf-RING_5,IBR
2483,zf-RING_5,zf-RING_11
2484,zf-RING_5,zf-C3HC4
2485,zf-RING_5,RINGv
2486,zf-RING_5,zf-RING_UBOX
2487,zf-RING_5,zf-rbx1
2488,zf-C3HC4_4,zf-UBP
2489,zf-C3HC4_4,zf-C3HC4_3
2490,zf-C3HC4_4,zf-C3HC4_2
2491,zf-C3HC4_4,Prok-RING_4
2492,zf-C3HC4_4,IBR
2493,zf-C3HC4_4,zf-RING_11
2494,zf-C3HC4_4,zf-C3HC4
2495,zf-C3HC4_4,RINGv
2496,zf-C3HC4_4,zf-RING_UBOX
2497,zf-C3HC4_4,zf-rbx1
2498,zf-C3HC4_3,zf-UBP
2499,zf-C3HC4_3,zf-C3HC4_2
2500,zf-C3HC4_3,Prok-RING_4
2501,zf-C3HC4_3,IBR
2502,zf-C3HC4_3,zf-RING_11
2503,zf-C3HC4_3,zf-C3HC4
2504,zf-C3HC4_3,RINGv
2505,zf-C3HC4_3,zf-RING_UBOX
2506,zf-C3HC4_3,zf-rbx1
2507,zf-C3HC4_2,zf-UBP
2508,zf-C3HC4_2,Prok-RING_4
2509,zf-C3HC4_2,IBR
2510,zf-C3HC4_2,zf-RING_11
2511,zf-C3HC4_2,zf-C3HC4
2512,zf-C3HC4_2,RINGv
2513,zf-C3HC4_2,zf-RING_UBOX
2514,zf-C3HC4_2,zf-rbx1
2515,IBR,zf-UBP
2516,IBR,Prok-RING_4
2517,IBR,zf-RING_11
2518,IBR,zf-C3HC4
2519,IBR,RINGv
2520,IBR,zf-RING_UBOX
2521,IBR,zf-rbx1
2522,zf-C3HC4,zf-UBP
2523,zf-C3HC4,Prok-RING_4
2524,zf-C3HC4,zf-RING_11
2525,zf-C3HC4,RINGv
2526,zf-C3HC4,zf-RING_UBOX
2527,zf-C3HC4,zf-rbx1
2528,RINGv,zf-UBP
2529,RINGv,Prok-RING_4
2530,RINGv,zf-RING_11
2531,RINGv,zf-RING_UBOX
2532,RINGv,zf-rbx1
2533,zf-UBP,Prok-RING_4
2534,zf-UBP,zf-RING_11
2535,zf-UBP,zf-RING_UBOX
2536,zf-UBP,zf-rbx1
2537,Prok-RING_4,zf-RING_11
2538,Prok-RING_4,zf-RING_UBOX
2539,Prok-RING_4,zf-rbx1
2540,zf-RING_11,zf-RING_UBOX
2541,zf-RING_11,zf-rbx1
2542,zf-RING_UBOX,zf-rbx1
2543,EF-hand_1,S_100
2544,EF-hand_1,EF-hand_5
2545,EF-hand_1,EF-hand_4
2546,EF-hand_1,EF-hand_6
2547,EF-hand_1,EF-hand_8
2548,EF-hand_1,EF-hand_7
2549,EF-hand_5,S_100
2550,EF-hand_5,EF-hand_4
2551,EF-hand_5,EF-hand_6
2552,EF-hand_5,EF-hand_8
2553,EF-hand_5,EF-hand_7
2554,EF-hand_4,S_100
2555,EF-hand_4,EF-hand_6
2556,EF-hand_4,EF-hand_8
2557,EF-hand_4,EF-hand_7
2558,EF-hand_6,S_100
2559,EF-hand_6,EF-hand_8
2560,EF-hand_6,EF-hand_7
2561,EF-hand_8,S_100
2562,EF-hand_8,EF-hand_7
2563,S_100,EF-hand_7
2564,Rad60-SLD,ubiquitin
2565,Lig_chan-Glu_bd,SBP_bac_3
2566,GST_N_2,GST_N
2567,GST_N_2,GST_N_3
2568,GST_N_2,Glutaredoxin
2569,GST_N_2,Thioredoxin_6
2570,GST_N_2,Thioredoxin
2571,GST_N_3,GST_N
2572,GST_N_3,Glutaredoxin
2573,GST_N_3,Thioredoxin_6
2574,GST_N_3,Thioredoxin
2575,GST_N,Glutaredoxin
2576,GST_N,Thioredoxin_6
2577,GST_N,Thioredoxin
2578,Glutaredoxin,Thioredoxin_6
2579,Glutaredoxin,Thioredoxin
2580,Thioredoxin_6,Thioredoxin
2581,EGF_CA,Sushi
2582,EGF_CA,Gla
2583,EGF_CA,cEGF
2584,EGF_CA,FXa_inhibition
2585,EGF_CA,EGF_2
2586,EGF_CA,EGF_3
2587,EGF_CA,EGF
2588,EGF_CA,hEGF
2589,Gla,Sushi
2590,Gla,cEGF
2591,Gla,FXa_inhibition
2592,Gla,EGF_2
2593,Gla,EGF_3
2594,Gla,EGF
2595,Gla,hEGF
2596,cEGF,Sushi
2597,cEGF,FXa_inhibition
2598,cEGF,EGF_2
2599,cEGF,EGF_3
2600,cEGF,EGF
2601,cEGF,hEGF
2602,FXa_inhibition,Sushi
2603,FXa_inhibition,EGF_2
2604,FXa_inhibition,EGF_3
2605,FXa_inhibition,EGF
2606,FXa_inhibition,hEGF
2607,EGF_2,Sushi
2608,EGF_2,EGF_3
2609,EGF_2,EGF
2610,EGF_2,hEGF
2611,EGF_3,Sushi
2612,EGF_3,EGF
2613,EGF_3,hEGF
2614,Sushi,EGF
2615,Sushi,hEGF
2616,EGF,hEGF
2617,C1_1,ZZ
2618,Gal-bind_lectin,SPRY
2619,Gal-bind_lectin,Laminin_G_2
2620,Gal-bind_lectin,MAM
2621,Gal-bind_lectin,Laminin_G_3
2622,Gal-bind_lectin,Laminin_G_1
2623,SPRY,Laminin_G_2
2624,SPRY,MAM
2625,SPRY,Laminin_G_3
2626,SPRY,Laminin_G_1
2627,MAM,Laminin_G_2
2628,MAM,Laminin_G_3
2629,MAM,Laminin_G_1
2630,Laminin_G_2,Laminin_G_3
2631,Laminin_G_2,Laminin_G_1
2632,Laminin_G_1,Laminin_G_3
2633,BTB_2,BTB
2634,Ion_trans_2,Lig_chan
2635,Ion_trans_2,Ion_trans
2636,Ion_trans_2,IRK
2637,Lig_chan,Ion_trans
2638,Lig_chan,IRK
2639,Ion_trans,IRK
2640,PTCB-BRCT,BRCT
2641,Hydrolase,Cation_ATPase
2642,Arrestin_C,Arrestin_N
2643,CRAL_TRIO_2,CRAL_TRIO
2644,zf-C2H2_4,zf-C2H2
2645,zf-C2H2_4,zf-C2H2_6
2646,zf-C2H2_4,zf-H2C2_5
2647,zf-C2H2_4,zf-H2C2_2
2648,zf-C2H2_4,zf-met
2649,zf-C2H2_6,zf-C2H2
2650,zf-C2H2_6,zf-H2C2_5
2651,zf-C2H2_6,zf-H2C2_2
2652,zf-C2H2_6,zf-met
2653,zf-H2C2_5,zf-C2H2
2654,zf-H2C2_5,zf-H2C2_2
2655,zf-H2C2_5,zf-met
2656,zf-H2C2_2,zf-C2H2
2657,zf-H2C2_2,zf-met
2658,zf-C2H2,zf-met
2659,Actin,HSP70
2660,APOBEC_N,APOBEC_C
2661,Methyltransf_11,ADH_zinc_N
2662,Methyltransf_11,adh_short
2663,Methyltransf_11,Methyltransf_12
2664,Methyltransf_11,Pyr_redox_2
2665,Methyltransf_11,F420_oxidored
2666,Methyltransf_11,KR
2667,Methyltransf_11,NAD_binding_8
2668,Methyltransf_11,Methyltransf_23
2669,Methyltransf_11,Methyltransf_25
2670,Methyltransf_11,adh_short_C2
2671,Methyltransf_11,Methyltransf_31
2672,Methyltransf_11,Epimerase
2673,Methyltransf_11,ThiF
2674,Methyltransf_12,ADH_zinc_N
2675,Methyltransf_12,adh_short
2676,Methyltransf_12,Pyr_redox_2
2677,Methyltransf_12,F420_oxidored
2678,Methyltransf_12,KR
2679,Methyltransf_12,NAD_binding_8
2680,Methyltransf_12,Methyltransf_23
2681,Methyltransf_12,Methyltransf_25
2682,Methyltransf_12,adh_short_C2
2683,Methyltransf_12,Methyltransf_31
2684,Methyltransf_12,Epimerase
2685,Methyltransf_12,ThiF
2686,Pyr_redox_2,ADH_zinc_N
2687,Pyr_redox_2,adh_short
2688,Pyr_redox_2,F420_oxidored
2689,Pyr_redox_2,KR
2690,Pyr_redox_2,NAD_binding_8
2691,Pyr_redox_2,Methyltransf_23
2692,Pyr_redox_2,Methyltransf_25
2693,Pyr_redox_2,adh_short_C2
2694,Pyr_redox_2,Methyltransf_31
2695,Pyr_redox_2,Epimerase
2696,Pyr_redox_2,ThiF
2697,Methyltransf_23,ADH_zinc_N
2698,Methyltransf_23,adh_short
2699,Methyltransf_23,F420_oxidored
2700,Methyltransf_23,KR
2701,Methyltransf_23,NAD_binding_8
2702,Methyltransf_23,Methyltransf_25
2703,Methyltransf_23,adh_short_C2
2704,Methyltransf_23,Methyltransf_31
2705,Methyltransf_23,Epimerase
2706,Methyltransf_23,ThiF
2707,Methyltransf_25,ADH_zinc_N
2708,Methyltransf_25,adh_short
2709,Methyltransf_25,F420_oxidored
2710,Methyltransf_25,KR
2711,Methyltransf_25,NAD_binding_8
2712,Methyltransf_25,adh_short_C2
2713,Methyltransf_25,Methyltransf_31
2714,Methyltransf_25,Epimerase
2715,Methyltransf_25,ThiF
2716,adh_short_C2,ADH_zinc_N
2717,adh_short_C2,adh_short
2718,adh_short_C2,F420_oxidored
2719,adh_short_C2,KR
2720,adh_short_C2,NAD_binding_8
2721,adh_short_C2,Methyltransf_31
2722,adh_short_C2,Epimerase
2723,adh_short_C2,ThiF
2724,Methyltransf_31,ADH_zinc_N
2725,Methyltransf_31,adh_short
2726,Methyltransf_31,F420_oxidored
2727,Methyltransf_31,KR
2728,Methyltransf_31,NAD_binding_8
2729,Methyltransf_31,Epimerase
2730,Methyltransf_31,ThiF
2731,ThiF,ADH_zinc_N
2732,ThiF,adh_short
2733,ThiF,F420_oxidored
2734,ThiF,KR
2735,ThiF,NAD_binding_8
2736,ThiF,Epimerase
2737,ADH_zinc_N,adh_short
2738,ADH_zinc_N,F420_oxidored
2739,ADH_zinc_N,KR
2740,ADH_zinc_N,NAD_binding_8
2741,ADH_zinc_N,Epimerase
2742,adh_short,F420_oxidored
2743,adh_short,KR
2744,adh_short,NAD_binding_8
2745,adh_short,Epimerase
2746,F420_oxidored,KR
2747,F420_oxidored,NAD_binding_8
2748,F420_oxidored,Epimerase
2749,KR,NAD_binding_8
2750,KR,Epimerase
2751,NAD_binding_8,Epimerase
2752,SNF,AA_permease_2
2753,C1q,TNF
2754,FYVE,PHD_2
2755,FYVE,zf-HC5HC2H
2756,FYVE,PHD
2757,FYVE,zf-HC5HC2H_2
2758,PHD_2,zf-HC5HC2H
2759,PHD_2,PHD
2760,PHD_2,zf-HC5HC2H_2
2761,zf-HC5HC2H,PHD
2762,zf-HC5HC2H,zf-HC5HC2H_2
2763,PHD,zf-HC5HC2H_2
